file,name,truth,golden,golden_scores,golden_probs,sw_fc_int8
vectors/0000_yes_real.bin,0000_yes_real,yes,yes,,,-50;-5;121;-4
vectors/0001_no_real.bin,0001_no_real,no,no,,,-61;37;-13;68
vectors/0002_syn_yes.bin,0002_syn_yes,,yes,,,-128;97;112;87
vectors/0003_syn_no.bin,0003_syn_no,,no,,,-128;111;70;127
vectors/0004_syn_unknown.bin,0004_syn_unknown,,unknown,,,-128;90;86;82
vectors/0005_syn_silence.bin,0005_syn_silence,,silence,,,14;14;14;14
vectors/0006_yes_noise4.bin,0006_yes_noise4,,yes,,,-49;-5;122;-6
vectors/0007_no_noise4.bin,0007_no_noise4,,no,,,-62;38;-12;68
vectors/0008_yes_noise8.bin,0008_yes_noise8,,yes,,,-50;-3;121;-4
vectors/0009_no_noise8.bin,0009_no_noise8,,no,,,-61;36;-10;65
vectors/0010_yes_noise16.bin,0010_yes_noise16,,yes,,,-51;-3;121;-5
vectors/0011_no_noise16.bin,0011_no_noise16,,no,,,-67;38;-9;69
vectors/0012_yes_tshift+1.bin,0012_yes_tshift+1,,yes,,,-63;5;127;3
vectors/0013_no_tshift+1.bin,0013_no_tshift+1,,no,,,-75;40;-9;78
vectors/0014_yes_fshift+1.bin,0014_yes_fshift+1,,unknown,,,-128;127;127;74
vectors/0015_no_fshift+1.bin,0015_no_fshift+1,,unknown,,,-128;127;72;127
vectors/0016_yes_tshift-1.bin,0016_yes_tshift-1,,yes,,,-45;-10;116;-6
vectors/0017_no_tshift-1.bin,0017_no_tshift-1,,no,,,-50;34;-21;69
vectors/0018_yes_fshift-1.bin,0018_yes_fshift-1,,yes,,,-128;116;127;87
vectors/0019_no_fshift-1.bin,0019_no_fshift-1,,unknown,,,-128;127;70;127
vectors/0020_mix_yes25.bin,0020_mix_yes25,,no,,,-48;22;12;56
vectors/0021_mix_yes50.bin,0021_mix_yes50,,yes,,,-41;9;50;37
vectors/0022_mix_yes75.bin,0022_mix_yes75,,yes,,,-43;0;89;14
vectors/0023_yes_scale05.bin,0023_yes_scale05,,yes,,,-116;29;90;45
vectors/0024_no_scale05.bin,0024_no_scale05,,no,,,-128;50;39;82
vectors/0025_yes_scale15.bin,0025_yes_scale15,,yes,,,-63;-3;127;0
vectors/0026_no_scale15.bin,0026_no_scale15,,no,,,-64;38;-21;73
vectors/0027_gauss0.bin,0027_gauss0,,no,,,-128;91;80;108
vectors/0028_gauss1.bin,0028_gauss1,,no,,,-128;90;88;116
vectors/0029_gauss2.bin,0029_gauss2,,no,,,-128;81;83;122
vectors/0030_gauss3.bin,0030_gauss3,,yes,,,-119;56;66;55
vectors/0031_gauss4.bin,0031_gauss4,,unknown,,,-110;56;42;54
vectors/0032_uniform0.bin,0032_uniform0,,yes,,,-128;68;96;80
vectors/0033_uniform1.bin,0033_uniform1,,yes,,,-128;51;103;103
vectors/0034_uniform2.bin,0034_uniform2,,yes,,,-128;67;107;68
vectors/0035_const_m128.bin,0035_const_m128,,silence,,,14;14;14;14
vectors/0036_const_0.bin,0036_const_0,,no,,,-128;76;77;114
vectors/0037_const_127.bin,0037_const_127,,unknown,,,-128;127;127;127
vectors/0038_checker.bin,0038_checker,,silence,,,127;-85;-75;-14
vectors/0039_ramp.bin,0039_ramp,,unknown,,,-128;79;36;40
vectors/0040_x0000_nz01.bin,0040_x0000_nz01,,yes,,,-50;-4;122;-5
vectors/0041_x0001_ts-11.bin,0041_x0001_ts-11,,no,,,-51;41;-18;96
vectors/0042_x0002_sc015.bin,0042_x0002_sc015,,no,,,-128;78;76;112
vectors/0043_x0003_mx015.bin,0043_x0003_mx015,,yes,,,-40;-2;105;-2
vectors/0044_x0004_g-064.bin,0044_x0004_g-064,,yes,,,-114;58;65;48
vectors/0045_x0005_u-058.bin,0045_x0005_u-058,,no,,,-128;76;85;112
vectors/0046_x0006_sp07.bin,0046_x0006_sp07,,unknown,,,-23;40;20;15
vectors/0047_x0007_pt108.bin,0047_x0007_pt108,,unknown,,,-128;127;33;54
vectors/0048_x0008_nz09.bin,0048_x0008_nz09,,yes,,,-48;-5;122;-6
vectors/0049_x0009_ts-03.bin,0049_x0009_ts-03,,no,,,-50;36;-16;77
vectors/0050_x0010_sc055.bin,0050_x0010_sc055,,no,,,-128;82;79;102
vectors/0051_x0011_mx055.bin,0051_x0011_mx055,,yes,,,-13;5;62;5
vectors/0052_x0012_g+064.bin,0052_x0012_g+064,,no,,,-128;111;108;127
vectors/0053_x0013_u-072.bin,0053_x0013_u-072,,no,,,-128;68;61;102
vectors/0054_x0014_sp15.bin,0054_x0014_sp15,,unknown,,,-30;43;26;13
vectors/0055_x0015_pt016.bin,0055_x0015_pt016,,unknown,,,-128;127;104;127
vectors/0056_x0016_nz17.bin,0056_x0016_nz17,,yes,,,-49;-2;121;-7
vectors/0057_x0017_ts+05.bin,0057_x0017_ts+05,,no,,,-82;38;2;87
vectors/0058_x0018_sc095.bin,0058_x0018_sc095,,unknown,,,-128;89;86;85
vectors/0059_x0019_mx095.bin,0059_x0019_mx095,,yes,,,13;12;19;13
vectors/0060_x0020_g-080.bin,0060_x0020_g-080,,unknown,,,-116;81;50;33
vectors/0061_x0021_u-086.bin,0061_x0021_u-086,,yes,,,-128;78;127;103
vectors/0062_x0022_sp23.bin,0062_x0022_sp23,,unknown,,,-36;63;18;15
vectors/0063_x0023_pt201.bin,0063_x0023_pt201,,no,,,-128;72;78;127
vectors/0064_x0024_nz25.bin,0064_x0024_nz25,,yes,,,-46;-3;117;-4
vectors/0065_x0025_ts-11.bin,0065_x0025_ts-11,,no,,,-51;41;-18;96
vectors/0066_x0026_sc135.bin,0066_x0026_sc135,,unknown,,,-128;94;94;68
vectors/0067_x0027_mx030.bin,0067_x0027_mx030,,yes,,,-30;1;89;1
vectors/0068_x0028_g+048.bin,0068_x0028_g+048,,no,,,-128;111;91;127
vectors/0069_x0029_u-100.bin,0069_x0029_u-100,,no,,,-128;88;107;112
vectors/0070_x0030_sp01.bin,0070_x0030_sp01,,silence,,,20;12;12;11
vectors/0071_x0031_pt109.bin,0071_x0031_pt109,,unknown,,,-128;127;65;68
vectors/0072_x0032_nz33.bin,0072_x0032_nz33,,yes,,,-61;1;125;-3
vectors/0073_x0033_ts-03.bin,0073_x0033_ts-03,,no,,,-50;36;-16;77
vectors/0074_x0034_sc175.bin,0074_x0034_sc175,,yes,,,-128;95;100;59
vectors/0075_x0035_mx070.bin,0075_x0035_mx070,,yes,,,-3;8;45;8
vectors/0076_x0036_g-096.bin,0076_x0036_g-096,,no,,,-46;30;29;38
vectors/0077_x0037_u-114.bin,0077_x0037_u-114,,no,,,-128;79;77;96
vectors/0078_x0038_sp09.bin,0078_x0038_sp09,,unknown,,,-13;31;25;9
vectors/0079_x0039_pt017.bin,0079_x0039_pt017,,unknown,,,-128;127;110;127
vectors/0080_x0040_nz01.bin,0080_x0040_nz01,,yes,,,-50;-4;121;-5
vectors/0081_x0041_ts+05.bin,0081_x0041_ts+05,,no,,,-82;38;2;87
vectors/0082_x0042_sc215.bin,0082_x0042_sc215,,yes,,,-128;99;106;58
vectors/0083_x0043_mx005.bin,0083_x0043_mx005,,yes,,,-47;-3;116;-4
vectors/0084_x0044_g+032.bin,0084_x0044_g+032,,yes,,,-128;58;127;100
vectors/0085_x0045_u-128.bin,0085_x0045_u-128,,no,,,-128;72;96;107
vectors/0086_x0046_sp17.bin,0086_x0046_sp17,,unknown,,,-38;45;30;24
vectors/0087_x0047_pt202.bin,0087_x0047_pt202,,no,,,-128;72;78;127
vectors/0088_x0048_nz09.bin,0088_x0048_nz09,,yes,,,-50;-3;121;-7
vectors/0089_x0049_ts-11.bin,0089_x0049_ts-11,,no,,,-51;41;-18;96
vectors/0090_x0050_sc254.bin,0090_x0050_sc254,,yes,,,-128;102;107;62
vectors/0091_x0051_mx045.bin,0091_x0051_mx045,,yes,,,-20;3;73;3
vectors/0092_x0052_g-112.bin,0092_x0052_g-112,,unknown,,,-55;40;37;28
vectors/0093_x0053_u-016.bin,0093_x0053_u-016,,no,,,-128;92;93;119
vectors/0094_x0054_sp25.bin,0094_x0054_sp25,,unknown,,,-59;45;43;8
vectors/0095_x0055_pt110.bin,0095_x0055_pt110,,unknown,,,-128;127;75;71
vectors/0096_x0056_nz17.bin,0096_x0056_nz17,,yes,,,-51;-6;125;-7
vectors/0097_x0057_ts-03.bin,0097_x0057_ts-03,,no,,,-50;36;-16;77
vectors/0098_x0058_sc295.bin,0098_x0058_sc295,,yes,,,-128;105;109;65
vectors/0099_x0059_mx085.bin,0099_x0059_mx085,,yes,,,6;10;30;11
vectors/0100_x0060_g+016.bin,0100_x0060_g+016,,no,,,-128;86;87;127
vectors/0101_x0061_u-030.bin,0101_x0061_u-030,,no,,,-128;77;84;123
vectors/0102_x0062_sp03.bin,0102_x0062_sp03,,unknown,,,-3;25;12;23
vectors/0103_x0063_pt018.bin,0103_x0063_pt018,,unknown,,,-128;127;127;127
vectors/0104_x0064_nz25.bin,0104_x0064_nz25,,yes,,,-54;-1;121;-4
vectors/0105_x0065_ts+05.bin,0105_x0065_ts+05,,no,,,-82;38;2;87
vectors/0106_x0066_sc035.bin,0106_x0066_sc035,,no,,,-128;80;77;108
vectors/0107_x0067_mx020.bin,0107_x0067_mx020,,yes,,,-37;-1;100;-1
vectors/0108_x0068_g-128.bin,0108_x0068_g-128,,unknown,,,-75;61;28;47
vectors/0109_x0069_u-044.bin,0109_x0069_u-044,,no,,,-128;74;63;106
vectors/0110_x0070_sp11.bin,0110_x0070_sp11,,yes,,,-15;18;30;23
vectors/0111_x0071_pt203.bin,0111_x0071_pt203,,no,,,-128;72;78;127
vectors/0112_x0072_nz33.bin,0112_x0072_nz33,,yes,,,-55;4;119;0
vectors/0113_x0073_ts-11.bin,0113_x0073_ts-11,,no,,,-51;41;-18;96
vectors/0114_x0074_sc075.bin,0114_x0074_sc075,,no,,,-128;85;82;94
vectors/0115_x0075_mx060.bin,0115_x0075_mx060,,yes,,,-10;6;56;6
vectors/0116_x0076_g+000.bin,0116_x0076_g+000,,yes,,,-128;82;106;103
vectors/0117_x0077_u-058.bin,0117_x0077_u-058,,no,,,-128;72;111;127
vectors/0118_x0078_sp19.bin,0118_x0078_sp19,,no,,,-51;46;12;50
vectors/0119_x0079_pt111.bin,0119_x0079_pt111,,unknown,,,-128;119;55;62
vectors/0120_x0080_nz01.bin,0120_x0080_nz01,,yes,,,-50;-4;121;-4
vectors/0121_x0081_ts-03.bin,0121_x0081_ts-03,,no,,,-50;36;-16;77
vectors/0122_x0082_sc115.bin,0122_x0082_sc115,,unknown,,,-128;92;89;76
vectors/0123_x0083_mx100.bin,0123_x0083_mx100,,silence,,,14;14;14;14
vectors/0124_x0084_g+128.bin,0124_x0084_g+128,,unknown,,,-128;127;127;127
vectors/0125_x0085_u-072.bin,0125_x0085_u-072,,no,,,-128;81;92;115
vectors/0126_x0086_sp27.bin,0126_x0086_sp27,,unknown,,,-37;59;13;28
vectors/0127_x0087_pt019.bin,0127_x0087_pt019,,unknown,,,-128;127;59;127
vectors/0128_x0088_nz09.bin,0128_x0088_nz09,,yes,,,-51;-4;121;-6
vectors/0129_x0089_ts+05.bin,0129_x0089_ts+05,,no,,,-82;38;2;87
vectors/0130_x0090_sc155.bin,0130_x0090_sc155,,yes,,,-128;95;97;62
vectors/0131_x0091_mx035.bin,0131_x0091_mx035,,yes,,,-27;2;84;2
vectors/0132_x0092_g-016.bin,0132_x0092_g-016,,yes,,,-128;103;104;68
vectors/0133_x0093_u-086.bin,0133_x0093_u-086,,no,,,-128;84;106;120
vectors/0134_x0094_sp05.bin,0134_x0094_sp05,,unknown,,,-22;32;23;13
vectors/0135_x0095_pt204.bin,0135_x0095_pt204,,no,,,-128;72;78;127
vectors/0136_x0096_nz17.bin,0136_x0096_nz17,,yes,,,-51;-2;122;-7
vectors/0137_x0097_ts-11.bin,0137_x0097_ts-11,,no,,,-51;41;-18;96
vectors/0138_x0098_sc195.bin,0138_x0098_sc195,,yes,,,-128;97;103;58
vectors/0139_x0099_mx075.bin,0139_x0099_mx075,,yes,,,0;9;40;9
vectors/0140_x0100_g+112.bin,0140_x0100_g+112,,unknown,,,-128;127;121;127
vectors/0141_x0101_u-100.bin,0141_x0101_u-100,,yes,,,-128;74;87;68
vectors/0142_x0102_sp13.bin,0142_x0102_sp13,,unknown,,,-55;63;15;63
vectors/0143_x0103_pt112.bin,0143_x0103_pt112,,unknown,,,-128;111;33;51
vectors/0144_x0104_nz25.bin,0144_x0104_nz25,,yes,,,-52;-4;125;-5
vectors/0145_x0105_ts-03.bin,0145_x0105_ts-03,,no,,,-50;36;-16;77
vectors/0146_x0106_sc235.bin,0146_x0106_sc235,,yes,,,-128;101;106;60
vectors/0147_x0107_mx010.bin,0147_x0107_mx010,,yes,,,-44;-3;111;-3
vectors/0148_x0108_g-032.bin,0148_x0108_g-032,,no,,,-128;62;60;89
vectors/0149_x0109_u-114.bin,0149_x0109_u-114,,unknown,,,-128;81;47;79
vectors/0150_x0110_sp21.bin,0150_x0110_sp21,,yes,,,-21;35;36;13
vectors/0151_x0111_pt020.bin,0151_x0111_pt020,,unknown,,,-128;127;87;127
vectors/0152_x0112_nz33.bin,0152_x0112_nz33,,yes,,,-49;-4;118;-6
vectors/0153_x0113_ts+05.bin,0153_x0113_ts+05,,no,,,-82;38;2;87
vectors/0154_x0114_sc275.bin,0154_x0114_sc275,,yes,,,-128;104;108;64
vectors/0155_x0115_mx050.bin,0155_x0115_mx050,,yes,,,-17;4;67;4
vectors/0156_x0116_g+096.bin,0156_x0116_g+096,,no,,,-128;122;123;127
vectors/0157_x0117_u-128.bin,0157_x0117_u-128,,yes,,,-128;54;64;59
vectors/0158_x0118_sp29.bin,0158_x0118_sp29,,unknown,,,-31;43;18;15
vectors/0159_x0119_pt205.bin,0159_x0119_pt205,,no,,,-128;72;78;127
vectors/0160_x0120_nz01.bin,0160_x0120_nz01,,yes,,,-50;-5;122;-5
vectors/0161_x0121_ts-11.bin,0161_x0121_ts-11,,no,,,-51;41;-18;96
vectors/0162_x0122_sc015.bin,0162_x0122_sc015,,no,,,-128;78;76;112
vectors/0163_x0123_mx090.bin,0163_x0123_mx090,,yes,,,9;12;24;12
vectors/0164_x0124_g-048.bin,0164_x0124_g-048,,yes,,,-128;69;81;67
vectors/0165_x0125_u-016.bin,0165_x0125_u-016,,no,,,-128;79;80;119
vectors/0166_x0126_sp07.bin,0166_x0126_sp07,,no,,,-11;24;22;27
vectors/0167_x0127_pt113.bin,0167_x0127_pt113,,unknown,,,-128;123;61;79
vectors/0168_x0128_nz09.bin,0168_x0128_nz09,,yes,,,-50;-4;121;-5
vectors/0169_x0129_ts-03.bin,0169_x0129_ts-03,,no,,,-50;36;-16;77
vectors/0170_x0130_sc055.bin,0170_x0130_sc055,,no,,,-128;82;79;102
vectors/0171_x0131_mx025.bin,0171_x0131_mx025,,yes,,,-33;0;94;0
vectors/0172_x0132_g+080.bin,0172_x0132_g+080,,no,,,-128;117;118;127
vectors/0173_x0133_u-030.bin,0173_x0133_u-030,,no,,,-128;98;107;127
vectors/0174_x0134_sp15.bin,0174_x0134_sp15,,no,,,-27;31;19;36
vectors/0175_x0135_pt021.bin,0175_x0135_pt021,,unknown,,,-128;127;81;127
vectors/0176_x0136_nz17.bin,0176_x0136_nz17,,yes,,,-49;-3;122;-4
vectors/0177_x0137_ts+05.bin,0177_x0137_ts+05,,no,,,-82;38;2;87
vectors/0178_x0138_sc095.bin,0178_x0138_sc095,,unknown,,,-128;89;86;85
vectors/0179_x0139_mx065.bin,0179_x0139_mx065,,yes,,,-7;7;51;7
vectors/0180_x0140_g-064.bin,0180_x0140_g-064,,no,,,-128;97;43;104
vectors/0181_x0141_u-044.bin,0181_x0141_u-044,,no,,,-128;103;121;127
vectors/0182_x0142_sp23.bin,0182_x0142_sp23,,unknown,,,-46;47;22;22
vectors/0183_x0143_pt206.bin,0183_x0143_pt206,,no,,,-128;72;78;127
vectors/0184_x0144_nz25.bin,0184_x0144_nz25,,yes,,,-50;-2;119;-6
vectors/0185_x0145_ts-11.bin,0185_x0145_ts-11,,no,,,-51;41;-18;96
vectors/0186_x0146_sc135.bin,0186_x0146_sc135,,unknown,,,-128;94;94;68
vectors/0187_x0147_mx000.bin,0187_x0147_mx000,,yes,,,-50;-5;121;-4
vectors/0188_x0148_g+064.bin,0188_x0148_g+064,,no,,,-128;110;107;127
vectors/0189_x0149_u-058.bin,0189_x0149_u-058,,no,,,-128;87;82;127
vectors/0190_x0150_sp01.bin,0190_x0150_sp01,,unknown,,,7;16;15;12
vectors/0191_x0151_pt114.bin,0191_x0151_pt114,,unknown,,,-128;127;68;93
vectors/0192_x0152_nz33.bin,0192_x0152_nz33,,yes,,,-54;3;117;-7
vectors/0193_x0153_ts-03.bin,0193_x0153_ts-03,,no,,,-50;36;-16;77
vectors/0194_x0154_sc175.bin,0194_x0154_sc175,,yes,,,-128;95;100;59
vectors/0195_x0155_mx040.bin,0195_x0155_mx040,,yes,,,-24;3;78;2
vectors/0196_x0156_g-080.bin,0196_x0156_g-080,,no,,,-79;37;37;50
vectors/0197_x0157_u-072.bin,0197_x0157_u-072,,no,,,-128;66;89;97
vectors/0198_x0158_sp09.bin,0198_x0158_sp09,,unknown,,,-26;30;27;22
vectors/0199_x0159_pt022.bin,0199_x0159_pt022,,unknown,,,-128;127;102;127
vectors/0200_x0160_nz01.bin,0200_x0160_nz01,,yes,,,-50;-4;122;-5
vectors/0201_x0161_ts+05.bin,0201_x0161_ts+05,,no,,,-82;38;2;87
vectors/0202_x0162_sc215.bin,0202_x0162_sc215,,yes,,,-128;99;106;58
vectors/0203_x0163_mx080.bin,0203_x0163_mx080,,yes,,,3;10;35;10
vectors/0204_x0164_g+048.bin,0204_x0164_g+048,,yes,,,-128;94;122;110
vectors/0205_x0165_u-086.bin,0205_x0165_u-086,,no,,,-128;69;81;97
vectors/0206_x0166_sp17.bin,0206_x0166_sp17,,unknown,,,-23;32;24;21
vectors/0207_x0167_pt207.bin,0207_x0167_pt207,,no,,,-128;72;78;127
vectors/0208_x0168_nz09.bin,0208_x0168_nz09,,yes,,,-51;-4;122;-5
vectors/0209_x0169_ts-11.bin,0209_x0169_ts-11,,no,,,-51;41;-18;96
vectors/0210_x0170_sc254.bin,0210_x0170_sc254,,yes,,,-128;102;107;62
vectors/0211_x0171_mx015.bin,0211_x0171_mx015,,yes,,,-40;-2;105;-2
vectors/0212_x0172_g-096.bin,0212_x0172_g-096,,yes,,,-54;31;52;10
vectors/0213_x0173_u-100.bin,0213_x0173_u-100,,yes,,,-128;70;79;73
vectors/0214_x0174_sp25.bin,0214_x0174_sp25,,unknown,,,-69;61;43;19
vectors/0215_x0175_pt115.bin,0215_x0175_pt115,,unknown,,,-128;126;76;84
vectors/0216_x0176_nz17.bin,0216_x0176_nz17,,yes,,,-50;-3;121;-6
vectors/0217_x0177_ts-03.bin,0217_x0177_ts-03,,no,,,-50;36;-16;77
vectors/0218_x0178_sc295.bin,0218_x0178_sc295,,yes,,,-128;105;109;65
vectors/0219_x0179_mx055.bin,0219_x0179_mx055,,yes,,,-13;5;62;5
vectors/0220_x0180_g+032.bin,0220_x0180_g+032,,no,,,-128;92;95;127
vectors/0221_x0181_u-114.bin,0221_x0181_u-114,,yes,,,-111;34;62;54
vectors/0222_x0182_sp03.bin,0222_x0182_sp03,,no,,,6;13;16;17
vectors/0223_x0183_pt023.bin,0223_x0183_pt023,,unknown,,,-128;127;68;127
vectors/0224_x0184_nz25.bin,0224_x0184_nz25,,yes,,,-53;0;125;-9
vectors/0225_x0185_ts+05.bin,0225_x0185_ts+05,,no,,,-82;38;2;87
vectors/0226_x0186_sc035.bin,0226_x0186_sc035,,no,,,-128;80;77;108
vectors/0227_x0187_mx095.bin,0227_x0187_mx095,,yes,,,13;12;19;13
vectors/0228_x0188_g-112.bin,0228_x0188_g-112,,unknown,,,-111;85;33;73
vectors/0229_x0189_u-128.bin,0229_x0189_u-128,,no,,,-128;90;74;94
vectors/0230_x0190_sp11.bin,0230_x0190_sp11,,unknown,,,-15;51;0;21
vectors/0231_x0191_pt208.bin,0231_x0191_pt208,,no,,,-128;72;78;127
vectors/0232_x0192_nz33.bin,0232_x0192_nz33,,yes,,,-58;-1;117;-1
vectors/0233_x0193_ts-11.bin,0233_x0193_ts-11,,no,,,-51;41;-18;96
vectors/0234_x0194_sc075.bin,0234_x0194_sc075,,no,,,-128;85;82;94
vectors/0235_x0195_mx030.bin,0235_x0195_mx030,,yes,,,-30;1;89;1
vectors/0236_x0196_g+016.bin,0236_x0196_g+016,,no,,,-128;89;114;127
vectors/0237_x0197_u-016.bin,0237_x0197_u-016,,no,,,-128;86;117;127
vectors/0238_x0198_sp19.bin,0238_x0198_sp19,,unknown,,,-19;40;20;10
vectors/0239_x0199_pt116.bin,0239_x0199_pt116,,unknown,,,-128;125;81;94
vectors/0240_x0200_nz01.bin,0240_x0200_nz01,,yes,,,-50;-5;122;-5
vectors/0241_x0201_ts-03.bin,0241_x0201_ts-03,,no,,,-50;36;-16;77
vectors/0242_x0202_sc115.bin,0242_x0202_sc115,,unknown,,,-128;92;89;76
vectors/0243_x0203_mx070.bin,0243_x0203_mx070,,yes,,,-3;8;45;8
vectors/0244_x0204_g-128.bin,0244_x0204_g-128,,unknown,,,14;15;14;14
vectors/0245_x0205_u-030.bin,0245_x0205_u-030,,no,,,-128;93;97;127
vectors/0246_x0206_sp27.bin,0246_x0206_sp27,,unknown,,,-52;50;18;36
vectors/0247_x0207_pt001.bin,0247_x0207_pt001,,silence,,,127;-119;-112;-18
vectors/0248_x0208_nz09.bin,0248_x0208_nz09,,yes,,,-52;-3;123;-5
vectors/0249_x0209_ts+05.bin,0249_x0209_ts+05,,no,,,-82;38;2;87
vectors/0250_x0210_sc155.bin,0250_x0210_sc155,,yes,,,-128;95;97;62
vectors/0251_x0211_mx005.bin,0251_x0211_mx005,,yes,,,-47;-3;116;-4
vectors/0252_x0212_g+000.bin,0252_x0212_g+000,,no,,,-128;102;82;127
vectors/0253_x0213_u-044.bin,0253_x0213_u-044,,no,,,-128;83;98;124
vectors/0254_x0214_sp05.bin,0254_x0214_sp05,,unknown,,,4;26;10;9
vectors/0255_x0215_pt209.bin,0255_x0215_pt209,,no,,,-128;72;78;127
vectors/0256_x0216_nz17.bin,0256_x0216_nz17,,yes,,,-53;-2;123;-5
vectors/0257_x0217_ts-11.bin,0257_x0217_ts-11,,no,,,-51;41;-18;96
vectors/0258_x0218_sc195.bin,0258_x0218_sc195,,yes,,,-128;97;103;58
vectors/0259_x0219_mx045.bin,0259_x0219_mx045,,yes,,,-20;3;73;3
vectors/0260_x0220_g+128.bin,0260_x0220_g+128,,unknown,,,-128;127;127;127
vectors/0261_x0221_u-058.bin,0261_x0221_u-058,,no,,,-128;66;89;106
vectors/0262_x0222_sp13.bin,0262_x0222_sp13,,yes,,,-10;11;26;14
vectors/0263_x0223_pt117.bin,0263_x0223_pt117,,unknown,,,-128;122;90;92
vectors/0264_x0224_nz25.bin,0264_x0224_nz25,,yes,,,-56;-1;123;-7
vectors/0265_x0225_ts-03.bin,0265_x0225_ts-03,,no,,,-50;36;-16;77
vectors/0266_x0226_sc235.bin,0266_x0226_sc235,,yes,,,-128;101;106;60
vectors/0267_x0227_mx085.bin,0267_x0227_mx085,,yes,,,6;10;30;11
vectors/0268_x0228_g-016.bin,0268_x0228_g-016,,no,,,-128;68;69;104
vectors/0269_x0229_u-072.bin,0269_x0229_u-072,,no,,,-128;79;85;103
vectors/0270_x0230_sp21.bin,0270_x0230_sp21,,unknown,,,-27;54;0;28
vectors/0271_x0231_pt002.bin,0271_x0231_pt002,,yes,,,-128;119;127;25
vectors/0272_x0232_nz33.bin,0272_x0232_nz33,,yes,,,-54;-2;118;-5
vectors/0273_x0233_ts+05.bin,0273_x0233_ts+05,,no,,,-82;38;2;87
vectors/0274_x0234_sc275.bin,0274_x0234_sc275,,yes,,,-128;104;108;64
vectors/0275_x0235_mx020.bin,0275_x0235_mx020,,yes,,,-37;-1;100;-1
vectors/0276_x0236_g+112.bin,0276_x0236_g+112,,no,,,-128;118;114;127
vectors/0277_x0237_u-086.bin,0277_x0237_u-086,,no,,,-128;66;65;85
vectors/0278_x0238_sp29.bin,0278_x0238_sp29,,unknown,,,-46;67;25;32
vectors/0279_x0239_pt210.bin,0279_x0239_pt210,,no,,,-128;72;78;127
vectors/0280_x0240_nz01.bin,0280_x0240_nz01,,yes,,,-50;-5;121;-5
vectors/0281_x0241_ts-11.bin,0281_x0241_ts-11,,no,,,-51;41;-18;96
vectors/0282_x0242_sc015.bin,0282_x0242_sc015,,no,,,-128;78;76;112
vectors/0283_x0243_mx060.bin,0283_x0243_mx060,,yes,,,-10;6;56;6
vectors/0284_x0244_g-032.bin,0284_x0244_g-032,,yes,,,-128;49;79;71
vectors/0285_x0245_u-100.bin,0285_x0245_u-100,,no,,,-128;108;94;127
vectors/0286_x0246_sp07.bin,0286_x0246_sp07,,unknown,,,-2;26;13;25
vectors/0287_x0247_pt118.bin,0287_x0247_pt118,,unknown,,,-128;125;89;87
vectors/0288_x0248_nz09.bin,0288_x0248_nz09,,yes,,,-49;-4;121;-5
vectors/0289_x0249_ts-03.bin,0289_x0249_ts-03,,no,,,-50;36;-16;77
vectors/0290_x0250_sc055.bin,0290_x0250_sc055,,no,,,-128;82;79;102
vectors/0291_x0251_mx100.bin,0291_x0251_mx100,,silence,,,14;14;14;14
vectors/0292_x0252_g+096.bin,0292_x0252_g+096,,no,,,-128;125;126;127
vectors/0293_x0253_u-114.bin,0293_x0253_u-114,,no,,,-128;64;76;110
vectors/0294_x0254_sp15.bin,0294_x0254_sp15,,unknown,,,-21;50;1;21
vectors/0295_x0255_pt003.bin,0295_x0255_pt003,,unknown,,,24;34;-4;-21
vectors/0296_x0256_nz17.bin,0296_x0256_nz17,,yes,,,-48;-3;119;-6
vectors/0297_x0257_ts+05.bin,0297_x0257_ts+05,,no,,,-82;38;2;87
vectors/0298_x0258_sc095.bin,0298_x0258_sc095,,unknown,,,-128;89;86;85
vectors/0299_x0259_mx035.bin,0299_x0259_mx035,,yes,,,-27;2;84;2
vectors/0300_x0260_g-048.bin,0300_x0260_g-048,,unknown,,,-128;80;39;58
vectors/0301_x0261_u-128.bin,0301_x0261_u-128,,unknown,,,-128;112;99;93
vectors/0302_x0262_sp23.bin,0302_x0262_sp23,,unknown,,,-69;71;15;54
vectors/0303_x0263_pt211.bin,0303_x0263_pt211,,no,,,-128;72;78;127
vectors/0304_x0264_nz25.bin,0304_x0264_nz25,,yes,,,-52;-3;114;1
vectors/0305_x0265_ts-11.bin,0305_x0265_ts-11,,no,,,-51;41;-18;96
vectors/0306_x0266_sc135.bin,0306_x0266_sc135,,unknown,,,-128;94;94;68
vectors/0307_x0267_mx075.bin,0307_x0267_mx075,,yes,,,0;9;40;9
vectors/0308_x0268_g+080.bin,0308_x0268_g+080,,no,,,-128;111;118;127
vectors/0309_x0269_u-016.bin,0309_x0269_u-016,,no,,,-128;94;96;127
vectors/0310_x0270_sp01.bin,0310_x0270_sp01,,yes,,,3;19;22;13
vectors/0311_x0271_pt119.bin,0311_x0271_pt119,,unknown,,,-128;114;85;83
vectors/0312_x0272_nz33.bin,0312_x0272_nz33,,yes,,,-52;1;117;-3
vectors/0313_x0273_ts-03.bin,0313_x0273_ts-03,,no,,,-50;36;-16;77
vectors/0314_x0274_sc175.bin,0314_x0274_sc175,,yes,,,-128;95;100;59
vectors/0315_x0275_mx010.bin,0315_x0275_mx010,,yes,,,-44;-3;111;-3
vectors/0316_x0276_g-064.bin,0316_x0276_g-064,,no,,,-110;45;46;60
vectors/0317_x0277_u-030.bin,0317_x0277_u-030,,no,,,-128;82;88;111
vectors/0318_x0278_sp09.bin,0318_x0278_sp09,,unknown,,,-31;46;20;22
vectors/0319_x0279_pt004.bin,0319_x0279_pt004,,unknown,,,-128;127;127;22
vectors/0320_x0280_nz01.bin,0320_x0280_nz01,,yes,,,-50;-4;121;-5
vectors/0321_x0281_ts+05.bin,0321_x0281_ts+05,,no,,,-82;38;2;87
vectors/0322_x0282_sc215.bin,0322_x0282_sc215,,yes,,,-128;99;106;58
vectors/0323_x0283_mx050.bin,0323_x0283_mx050,,yes,,,-17;4;67;4
vectors/0324_x0284_g+064.bin,0324_x0284_g+064,,yes,,,-128;91;127;127
vectors/0325_x0285_u-044.bin,0325_x0285_u-044,,no,,,-128;79;86;101
vectors/0326_x0286_sp17.bin,0326_x0286_sp17,,unknown,,,-55;48;46;17
vectors/0327_x0287_pt212.bin,0327_x0287_pt212,,no,,,-128;72;78;127
vectors/0328_x0288_nz09.bin,0328_x0288_nz09,,yes,,,-49;-4;121;-6
vectors/0329_x0289_ts-11.bin,0329_x0289_ts-11,,no,,,-51;41;-18;96
vectors/0330_x0290_sc254.bin,0330_x0290_sc254,,yes,,,-128;102;107;62
vectors/0331_x0291_mx090.bin,0331_x0291_mx090,,yes,,,9;12;24;12
vectors/0332_x0292_g-080.bin,0332_x0292_g-080,,no,,,-76;33;44;55
vectors/0333_x0293_u-058.bin,0333_x0293_u-058,,no,,,-128;71;78;95
vectors/0334_x0294_sp25.bin,0334_x0294_sp25,,unknown,,,-45;83;20;21
vectors/0335_x0295_pt120.bin,0335_x0295_pt120,,unknown,,,-128;109;75;75
vectors/0336_x0296_nz17.bin,0336_x0296_nz17,,yes,,,-53;-2;123;-5
vectors/0337_x0297_ts-03.bin,0337_x0297_ts-03,,no,,,-50;36;-16;77
vectors/0338_x0298_sc295.bin,0338_x0298_sc295,,yes,,,-128;105;109;65
vectors/0339_x0299_mx025.bin,0339_x0299_mx025,,yes,,,-33;0;94;0
vectors/0340_x0300_g+048.bin,0340_x0300_g+048,,no,,,-128;99;101;127
vectors/0341_x0301_u-072.bin,0341_x0301_u-072,,no,,,-128;86;95;127
vectors/0342_x0302_sp03.bin,0342_x0302_sp03,,yes,,,-9;20;24;19
vectors/0343_x0303_pt005.bin,0343_x0303_pt005,,unknown,,,-128;127;27;127
vectors/0344_x0304_nz25.bin,0344_x0304_nz25,,yes,,,-52;-3;126;-11
vectors/0345_x0305_ts+05.bin,0345_x0305_ts+05,,no,,,-82;38;2;87
vectors/0346_x0306_sc035.bin,0346_x0306_sc035,,no,,,-128;80;77;108
vectors/0347_x0307_mx065.bin,0347_x0307_mx065,,yes,,,-7;7;51;7
vectors/0348_x0308_g-096.bin,0348_x0308_g-096,,yes,,,-93;40;55;30
vectors/0349_x0309_u-086.bin,0349_x0309_u-086,,no,,,-128;88;70;125
vectors/0350_x0310_sp11.bin,0350_x0310_sp11,,unknown,,,-11;35;22;21
vectors/0351_x0311_pt213.bin,0351_x0311_pt213,,no,,,-128;72;78;127
vectors/0352_x0312_nz33.bin,0352_x0312_nz33,,yes,,,-45;-4;121;-8
vectors/0353_x0313_ts-11.bin,0353_x0313_ts-11,,no,,,-51;41;-18;96
vectors/0354_x0314_sc075.bin,0354_x0314_sc075,,no,,,-128;85;82;94
vectors/0355_x0315_mx000.bin,0355_x0315_mx000,,yes,,,-50;-5;121;-4
vectors/0356_x0316_g+032.bin,0356_x0316_g+032,,no,,,-128;93;107;127
vectors/0357_x0317_u-100.bin,0357_x0317_u-100,,no,,,-128;68;99;108
vectors/0358_x0318_sp19.bin,0358_x0318_sp19,,unknown,,,-21;39;16;20
vectors/0359_x0319_pt121.bin,0359_x0319_pt121,,unknown,,,-128;100;68;68
vectors/0360_x0320_nz01.bin,0360_x0320_nz01,,yes,,,-50;-4;121;-5
vectors/0361_x0321_ts-03.bin,0361_x0321_ts-03,,no,,,-50;36;-16;77
vectors/0362_x0322_sc115.bin,0362_x0322_sc115,,unknown,,,-128;92;89;76
vectors/0363_x0323_mx040.bin,0363_x0323_mx040,,yes,,,-24;3;78;2
vectors/0364_x0324_g-112.bin,0364_x0324_g-112,,no,,,-14;21;21;24
vectors/0365_x0325_u-114.bin,0365_x0325_u-114,,no,,,-128;77;90;98
vectors/0366_x0326_sp27.bin,0366_x0326_sp27,,unknown,,,-65;64;12;49
vectors/0367_x0327_pt006.bin,0367_x0327_pt006,,unknown,,,-128;127;127;127
vectors/0368_x0328_nz09.bin,0368_x0328_nz09,,yes,,,-49;-3;121;-5
vectors/0369_x0329_ts+05.bin,0369_x0329_ts+05,,no,,,-82;38;2;87
vectors/0370_x0330_sc155.bin,0370_x0330_sc155,,yes,,,-128;95;97;62
vectors/0371_x0331_mx080.bin,0371_x0331_mx080,,yes,,,3;10;35;10
vectors/0372_x0332_g+016.bin,0372_x0332_g+016,,yes,,,-128;101;121;107
vectors/0373_x0333_u-128.bin,0373_x0333_u-128,,yes,,,-128;56;73;65
vectors/0374_x0334_sp05.bin,0374_x0334_sp05,,unknown,,,-11;29;26;5
vectors/0375_x0335_pt214.bin,0375_x0335_pt214,,no,,,-128;72;78;127
vectors/0376_x0336_nz17.bin,0376_x0336_nz17,,yes,,,-51;-4;123;-7
vectors/0377_x0337_ts-11.bin,0377_x0337_ts-11,,no,,,-51;41;-18;96
vectors/0378_x0338_sc195.bin,0378_x0338_sc195,,yes,,,-128;97;103;58
vectors/0379_x0339_mx015.bin,0379_x0339_mx015,,yes,,,-40;-2;105;-2
vectors/0380_x0340_g-128.bin,0380_x0340_g-128,,unknown,,,-9;29;20;18
vectors/0381_x0341_u-016.bin,0381_x0341_u-016,,no,,,-128;88;84;118
vectors/0382_x0342_sp13.bin,0382_x0342_sp13,,yes,,,-27;25;35;12
vectors/0383_x0343_pt122.bin,0383_x0343_pt122,,unknown,,,-128;100;49;60
vectors/0384_x0344_nz25.bin,0384_x0344_nz25,,yes,,,-54;-2;125;-6
vectors/0385_x0345_ts-03.bin,0385_x0345_ts-03,,no,,,-50;36;-16;77
vectors/0386_x0346_sc235.bin,0386_x0346_sc235,,yes,,,-128;101;106;60
vectors/0387_x0347_mx055.bin,0387_x0347_mx055,,yes,,,-13;5;62;5
vectors/0388_x0348_g+000.bin,0388_x0348_g+000,,no,,,-128;79;77;117
vectors/0389_x0349_u-030.bin,0389_x0349_u-030,,no,,,-128;79;69;116
vectors/0390_x0350_sp21.bin,0390_x0350_sp21,,unknown,,,-53;53;37;20
vectors/0391_x0351_pt007.bin,0391_x0351_pt007,,unknown,,,-128;127;127;113
vectors/0392_x0352_nz33.bin,0392_x0352_nz33,,yes,,,-50;0;119;-4
vectors/0393_x0353_ts+05.bin,0393_x0353_ts+05,,no,,,-82;38;2;87
vectors/0394_x0354_sc275.bin,0394_x0354_sc275,,yes,,,-128;104;108;64
vectors/0395_x0355_mx095.bin,0395_x0355_mx095,,yes,,,13;12;19;13
vectors/0396_x0356_g+128.bin,0396_x0356_g+128,,yes,,,-128;111;127;127
vectors/0397_x0357_u-044.bin,0397_x0357_u-044,,no,,,-128;99;110;126
vectors/0398_x0358_sp29.bin,0398_x0358_sp29,,unknown,,,-41;38;34;20
vectors/0399_x0359_pt215.bin,0399_x0359_pt215,,no,,,-128;72;78;127
vectors/0400_x0360_nz01.bin,0400_x0360_nz01,,yes,,,-50;-4;121;-5
vectors/0401_x0361_ts-11.bin,0401_x0361_ts-11,,no,,,-51;41;-18;96
vectors/0402_x0362_sc015.bin,0402_x0362_sc015,,no,,,-128;78;76;112
vectors/0403_x0363_mx030.bin,0403_x0363_mx030,,yes,,,-30;1;89;1
vectors/0404_x0364_g-016.bin,0404_x0364_g-016,,no,,,-128;74;78;115
vectors/0405_x0365_u-058.bin,0405_x0365_u-058,,no,,,-128;89;100;124
vectors/0406_x0366_sp07.bin,0406_x0366_sp07,,unknown,,,-10;26;10;23
vectors/0407_x0367_pt123.bin,0407_x0367_pt123,,unknown,,,-125;99;43;61
vectors/0408_x0368_nz09.bin,0408_x0368_nz09,,yes,,,-51;-4;121;-5
vectors/0409_x0369_ts-03.bin,0409_x0369_ts-03,,no,,,-50;36;-16;77
vectors/0410_x0370_sc055.bin,0410_x0370_sc055,,no,,,-128;82;79;102
vectors/0411_x0371_mx070.bin,0411_x0371_mx070,,yes,,,-3;8;45;8
vectors/0412_x0372_g+112.bin,0412_x0372_g+112,,unknown,,,-128;127;127;127
vectors/0413_x0373_u-072.bin,0413_x0373_u-072,,no,,,-128;95;78;124
vectors/0414_x0374_sp15.bin,0414_x0374_sp15,,unknown,,,-26;46;24;17
vectors/0415_x0375_pt008.bin,0415_x0375_pt008,,unknown,,,-128;127;127;127
vectors/0416_x0376_nz17.bin,0416_x0376_nz17,,yes,,,-51;-5;123;-4
vectors/0417_x0377_ts+05.bin,0417_x0377_ts+05,,no,,,-82;38;2;87
vectors/0418_x0378_sc095.bin,0418_x0378_sc095,,unknown,,,-128;89;86;85
vectors/0419_x0379_mx005.bin,0419_x0379_mx005,,yes,,,-47;-3;116;-4
vectors/0420_x0380_g-032.bin,0420_x0380_g-032,,unknown,,,-128;96;73;81
vectors/0421_x0381_u-086.bin,0421_x0381_u-086,,yes,,,-128;69;96;90
vectors/0422_x0382_sp23.bin,0422_x0382_sp23,,unknown,,,-15;53;-7;24
vectors/0423_x0383_pt216.bin,0423_x0383_pt216,,no,,,-128;72;78;127
vectors/0424_x0384_nz25.bin,0424_x0384_nz25,,yes,,,-51;-3;123;-7
vectors/0425_x0385_ts-11.bin,0425_x0385_ts-11,,no,,,-51;41;-18;96
vectors/0426_x0386_sc135.bin,0426_x0386_sc135,,unknown,,,-128;94;94;68
vectors/0427_x0387_mx045.bin,0427_x0387_mx045,,yes,,,-20;3;73;3
vectors/0428_x0388_g+096.bin,0428_x0388_g+096,,no,,,-128;121;122;127
vectors/0429_x0389_u-100.bin,0429_x0389_u-100,,no,,,-128;64;55;110
vectors/0430_x0390_sp01.bin,0430_x0390_sp01,,silence,,,16;16;10;12
vectors/0431_x0391_pt101.bin,0431_x0391_pt101,,yes,,,-128;48;96;63
vectors/0432_x0392_nz33.bin,0432_x0392_nz33,,yes,,,-53;-1;117;1
vectors/0433_x0393_ts-03.bin,0433_x0393_ts-03,,no,,,-50;36;-16;77
vectors/0434_x0394_sc175.bin,0434_x0394_sc175,,yes,,,-128;95;100;59
vectors/0435_x0395_mx085.bin,0435_x0395_mx085,,yes,,,6;10;30;11
vectors/0436_x0396_g-048.bin,0436_x0396_g-048,,no,,,-128;52;53;76
vectors/0437_x0397_u-114.bin,0437_x0397_u-114,,yes,,,-128;68;82;64
vectors/0438_x0398_sp09.bin,0438_x0398_sp09,,unknown,,,-12;38;12;18
vectors/0439_x0399_pt009.bin,0439_x0399_pt009,,unknown,,,-128;127;127;127
vectors/0440_x0400_nz01.bin,0440_x0400_nz01,,yes,,,-50;-4;122;-4
vectors/0441_x0401_ts+05.bin,0441_x0401_ts+05,,no,,,-82;38;2;87
vectors/0442_x0402_sc215.bin,0442_x0402_sc215,,yes,,,-128;99;106;58
vectors/0443_x0403_mx020.bin,0443_x0403_mx020,,yes,,,-37;-1;100;-1
vectors/0444_x0404_g+080.bin,0444_x0404_g+080,,yes,,,-128;114;127;127
vectors/0445_x0405_u-128.bin,0445_x0405_u-128,,yes,,,-128;52;76;50
vectors/0446_x0406_sp17.bin,0446_x0406_sp17,,unknown,,,-65;66;29;37
vectors/0447_x0407_pt217.bin,0447_x0407_pt217,,no,,,-128;72;78;127
vectors/0448_x0408_nz09.bin,0448_x0408_nz09,,yes,,,-50;-3;121;-5
vectors/0449_x0409_ts-11.bin,0449_x0409_ts-11,,no,,,-51;41;-18;96
vectors/0450_x0410_sc254.bin,0450_x0410_sc254,,yes,,,-128;102;107;62
vectors/0451_x0411_mx060.bin,0451_x0411_mx060,,yes,,,-10;6;56;6
vectors/0452_x0412_g-064.bin,0452_x0412_g-064,,unknown,,,-119;65;41;44
vectors/0453_x0413_u-016.bin,0453_x0413_u-016,,no,,,-128;126;119;127
vectors/0454_x0414_sp25.bin,0454_x0414_sp25,,unknown,,,-44;49;23;35
vectors/0455_x0415_pt102.bin,0455_x0415_pt102,,unknown,,,-95;91;51;27
vectors/0456_x0416_nz17.bin,0456_x0416_nz17,,yes,,,-56;0;121;-2
vectors/0457_x0417_ts-03.bin,0457_x0417_ts-03,,no,,,-50;36;-16;77
vectors/0458_x0418_sc295.bin,0458_x0418_sc295,,yes,,,-128;105;109;65
vectors/0459_x0419_mx100.bin,0459_x0419_mx100,,silence,,,14;14;14;14
vectors/0460_x0420_g+064.bin,0460_x0420_g+064,,no,,,-128;111;108;127
vectors/0461_x0421_u-030.bin,0461_x0421_u-030,,no,,,-128;122;99;127
vectors/0462_x0422_sp03.bin,0462_x0422_sp03,,unknown,,,0;28;11;23
vectors/0463_x0423_pt010.bin,0463_x0423_pt010,,unknown,,,-128;127;48;127
vectors/0464_x0424_nz25.bin,0464_x0424_nz25,,yes,,,-55;2;117;-1
vectors/0465_x0425_ts+05.bin,0465_x0425_ts+05,,no,,,-82;38;2;87
vectors/0466_x0426_sc035.bin,0466_x0426_sc035,,no,,,-128;80;77;108
vectors/0467_x0427_mx035.bin,0467_x0427_mx035,,yes,,,-27;2;84;2
vectors/0468_x0428_g-080.bin,0468_x0428_g-080,,unknown,,,-94;56;44;15
vectors/0469_x0429_u-044.bin,0469_x0429_u-044,,no,,,-128;68;114;127
vectors/0470_x0430_sp11.bin,0470_x0430_sp11,,unknown,,,-33;44;25;22
vectors/0471_x0431_pt218.bin,0471_x0431_pt218,,no,,,-128;72;78;127
vectors/0472_x0432_nz33.bin,0472_x0432_nz33,,yes,,,-58;0;124;-6
vectors/0473_x0433_ts-11.bin,0473_x0433_ts-11,,no,,,-51;41;-18;96
vectors/0474_x0434_sc075.bin,0474_x0434_sc075,,no,,,-128;85;82;94
vectors/0475_x0435_mx075.bin,0475_x0435_mx075,,yes,,,0;9;40;9
vectors/0476_x0436_g+048.bin,0476_x0436_g+048,,no,,,-128;97;118;127
vectors/0477_x0437_u-058.bin,0477_x0437_u-058,,no,,,-128;89;84;107
vectors/0478_x0438_sp19.bin,0478_x0438_sp19,,unknown,,,-28;51;31;22
vectors/0479_x0439_pt103.bin,0479_x0439_pt103,,silence,,,66;39;-22;-98
vectors/0480_x0440_nz01.bin,0480_x0440_nz01,,yes,,,-50;-4;121;-5
vectors/0481_x0441_ts-03.bin,0481_x0441_ts-03,,no,,,-50;36;-16;77
vectors/0482_x0442_sc115.bin,0482_x0442_sc115,,unknown,,,-128;92;89;76
vectors/0483_x0443_mx010.bin,0483_x0443_mx010,,yes,,,-44;-3;111;-3
vectors/0484_x0444_g-096.bin,0484_x0444_g-096,,no,,,-46;28;29;39
vectors/0485_x0445_u-072.bin,0485_x0445_u-072,,no,,,-128;81;61;98
vectors/0486_x0446_sp27.bin,0486_x0446_sp27,,unknown,,,-54;63;16;37
vectors/0487_x0447_pt011.bin,0487_x0447_pt011,,unknown,,,-128;127;93;127
vectors/0488_x0448_nz09.bin,0488_x0448_nz09,,yes,,,-51;-3;121;-5
vectors/0489_x0449_ts+05.bin,0489_x0449_ts+05,,no,,,-82;38;2;87
vectors/0490_x0450_sc155.bin,0490_x0450_sc155,,yes,,,-128;95;97;62
vectors/0491_x0451_mx050.bin,0491_x0451_mx050,,yes,,,-17;4;67;4
vectors/0492_x0452_g+032.bin,0492_x0452_g+032,,no,,,-128;93;117;127
vectors/0493_x0453_u-086.bin,0493_x0453_u-086,,yes,,,-128;62;84;76
vectors/0494_x0454_sp05.bin,0494_x0454_sp05,,unknown,,,-9;29;19;19
vectors/0495_x0455_pt219.bin,0495_x0455_pt219,,no,,,-128;72;78;127
vectors/0496_x0456_nz17.bin,0496_x0456_nz17,,yes,,,-50;-2;119;-6
vectors/0497_x0457_ts-11.bin,0497_x0457_ts-11,,no,,,-51;41;-18;96
vectors/0498_x0458_sc195.bin,0498_x0458_sc195,,yes,,,-128;97;103;58
vectors/0499_x0459_mx090.bin,0499_x0459_mx090,,yes,,,9;12;24;12
vectors/0500_x0460_g-112.bin,0500_x0460_g-112,,yes,,,-37;29;36;17
vectors/0501_x0461_u-100.bin,0501_x0461_u-100,,no,,,-128;58;59;70
vectors/0502_x0462_sp13.bin,0502_x0462_sp13,,unknown,,,-18;52;4;25
vectors/0503_x0463_pt104.bin,0503_x0463_pt104,,unknown,,,-13;78;12;-49
vectors/0504_x0464_nz25.bin,0504_x0464_nz25,,yes,,,-56;-3;122;-1
vectors/0505_x0465_ts-03.bin,0505_x0465_ts-03,,no,,,-50;36;-16;77
vectors/0506_x0466_sc235.bin,0506_x0466_sc235,,yes,,,-128;101;106;60
vectors/0507_x0467_mx025.bin,0507_x0467_mx025,,yes,,,-33;0;94;0
vectors/0508_x0468_g+016.bin,0508_x0468_g+016,,no,,,-128;85;83;127
vectors/0509_x0469_u-114.bin,0509_x0469_u-114,,no,,,-128;91;83;111
vectors/0510_x0470_sp21.bin,0510_x0470_sp21,,unknown,,,-43;47;9;38
vectors/0511_x0471_pt012.bin,0511_x0471_pt012,,unknown,,,-128;127;89;127
vectors/0512_x0472_nz33.bin,0512_x0472_nz33,,yes,,,-54;-3;118;-4
vectors/0513_x0473_ts+05.bin,0513_x0473_ts+05,,no,,,-82;38;2;87
vectors/0514_x0474_sc275.bin,0514_x0474_sc275,,yes,,,-128;104;108;64
vectors/0515_x0475_mx065.bin,0515_x0475_mx065,,yes,,,-7;7;51;7
vectors/0516_x0476_g-128.bin,0516_x0476_g-128,,unknown,,,-76;50;41;43
vectors/0517_x0477_u-128.bin,0517_x0477_u-128,,no,,,-128;96;89;112
vectors/0518_x0478_sp29.bin,0518_x0478_sp29,,unknown,,,-37;59;17;25
vectors/0519_x0479_pt220.bin,0519_x0479_pt220,,no,,,-128;72;78;127
vectors/0520_x0480_nz01.bin,0520_x0480_nz01,,yes,,,-50;-5;121;-5
vectors/0521_x0481_ts-11.bin,0521_x0481_ts-11,,no,,,-51;41;-18;96
vectors/0522_x0482_sc015.bin,0522_x0482_sc015,,no,,,-128;78;76;112
vectors/0523_x0483_mx000.bin,0523_x0483_mx000,,yes,,,-50;-5;121;-4
vectors/0524_x0484_g+000.bin,0524_x0484_g+000,,no,,,-128;78;95;98
vectors/0525_x0485_u-016.bin,0525_x0485_u-016,,no,,,-128;87;106;127
vectors/0526_x0486_sp07.bin,0526_x0486_sp07,,unknown,,,-14;36;17;11
vectors/0527_x0487_pt105.bin,0527_x0487_pt105,,unknown,,,-128;107;47;-3
vectors/0528_x0488_nz09.bin,0528_x0488_nz09,,yes,,,-52;-3;121;-3
vectors/0529_x0489_ts-03.bin,0529_x0489_ts-03,,no,,,-50;36;-16;77
vectors/0530_x0490_sc055.bin,0530_x0490_sc055,,no,,,-128;82;79;102
vectors/0531_x0491_mx040.bin,0531_x0491_mx040,,yes,,,-24;3;78;2
vectors/0532_x0492_g+128.bin,0532_x0492_g+128,,unknown,,,-128;127;127;127
vectors/0533_x0493_u-030.bin,0533_x0493_u-030,,no,,,-128;94;94;122
vectors/0534_x0494_sp15.bin,0534_x0494_sp15,,unknown,,,-28;28;23;28
vectors/0535_x0495_pt013.bin,0535_x0495_pt013,,yes,,,-128;32;127;127
vectors/0536_x0496_nz17.bin,0536_x0496_nz17,,yes,,,-47;-3;118;-5
vectors/0537_x0497_ts+05.bin,0537_x0497_ts+05,,no,,,-82;38;2;87
vectors/0538_x0498_sc095.bin,0538_x0498_sc095,,unknown,,,-128;89;86;85
vectors/0539_x0499_mx080.bin,0539_x0499_mx080,,yes,,,3;10;35;10
vectors/0540_x0500_g-016.bin,0540_x0500_g-016,,no,,,-128;49;81;91
vectors/0541_x0501_u-044.bin,0541_x0501_u-044,,no,,,-128;81;72;117
vectors/0542_x0502_sp23.bin,0542_x0502_sp23,,unknown,,,-47;59;18;34
vectors/0543_x0503_pt221.bin,0543_x0503_pt221,,no,,,-128;72;78;127
vectors/0544_x0504_nz25.bin,0544_x0504_nz25,,yes,,,-52;0;120;-7
vectors/0545_x0505_ts-11.bin,0545_x0505_ts-11,,no,,,-51;41;-18;96
vectors/0546_x0506_sc135.bin,0546_x0506_sc135,,unknown,,,-128;94;94;68
vectors/0547_x0507_mx015.bin,0547_x0507_mx015,,yes,,,-40;-2;105;-2
vectors/0548_x0508_g+112.bin,0548_x0508_g+112,,unknown,,,-128;127;127;127
vectors/0549_x0509_u-058.bin,0549_x0509_u-058,,no,,,-128;72;68;100
vectors/0550_x0510_sp01.bin,0550_x0510_sp01,,unknown,,,12;23;8;16
vectors/0551_x0511_pt106.bin,0551_x0511_pt106,,unknown,,,-128;127;75;63
vectors/0552_x0512_nz33.bin,0552_x0512_nz33,,yes,,,-52;-1;122;-6
vectors/0553_x0513_ts-03.bin,0553_x0513_ts-03,,no,,,-50;36;-16;77
vectors/0554_x0514_sc175.bin,0554_x0514_sc175,,yes,,,-128;95;100;59
vectors/0555_x0515_mx055.bin,0555_x0515_mx055,,yes,,,-13;5;62;5
vectors/0556_x0516_g-032.bin,0556_x0516_g-032,,no,,,-128;59;62;91
vectors/0557_x0517_u-072.bin,0557_x0517_u-072,,no,,,-128;65;70;77
vectors/0558_x0518_sp09.bin,0558_x0518_sp09,,no,,,-24;29;12;38
vectors/0559_x0519_pt014.bin,0559_x0519_pt014,,unknown,,,-128;127;40;127
vectors/0560_x0520_nz01.bin,0560_x0520_nz01,,yes,,,-50;-4;121;-5
vectors/0561_x0521_ts+05.bin,0561_x0521_ts+05,,no,,,-82;38;2;87
vectors/0562_x0522_sc215.bin,0562_x0522_sc215,,yes,,,-128;99;106;58
vectors/0563_x0523_mx095.bin,0563_x0523_mx095,,yes,,,13;12;19;13
vectors/0564_x0524_g+096.bin,0564_x0524_g+096,,yes,,,-128;119;127;127
vectors/0565_x0525_u-086.bin,0565_x0525_u-086,,no,,,-128;113;67;127
vectors/0566_x0526_sp17.bin,0566_x0526_sp17,,unknown,,,-42;38;17;16
vectors/0567_x0527_pt222.bin,0567_x0527_pt222,,no,,,-128;72;78;127
vectors/0568_x0528_nz09.bin,0568_x0528_nz09,,yes,,,-49;-4;121;-6
vectors/0569_x0529_ts-11.bin,0569_x0529_ts-11,,no,,,-51;41;-18;96
vectors/0570_x0530_sc254.bin,0570_x0530_sc254,,yes,,,-128;102;107;62
vectors/0571_x0531_mx030.bin,0571_x0531_mx030,,yes,,,-30;1;89;1
vectors/0572_x0532_g-048.bin,0572_x0532_g-048,,unknown,,,-128;80;63;76
vectors/0573_x0533_u-100.bin,0573_x0533_u-100,,no,,,-128;110;83;127
vectors/0574_x0534_sp25.bin,0574_x0534_sp25,,unknown,,,-79;44;24;44
vectors/0575_x0535_pt107.bin,0575_x0535_pt107,,unknown,,,-128;115;64;41
vectors/0576_x0536_nz17.bin,0576_x0536_nz17,,yes,,,-51;-3;121;-6
vectors/0577_x0537_ts-03.bin,0577_x0537_ts-03,,no,,,-50;36;-16;77
vectors/0578_x0538_sc295.bin,0578_x0538_sc295,,yes,,,-128;105;109;65
vectors/0579_x0539_mx070.bin,0579_x0539_mx070,,yes,,,-3;8;45;8
vectors/0580_x0540_g+080.bin,0580_x0540_g+080,,no,,,-128;116;119;127
vectors/0581_x0541_u-114.bin,0581_x0541_u-114,,yes,,,-128;82;88;86
vectors/0582_x0542_sp03.bin,0582_x0542_sp03,,unknown,,,-2;30;13;15
vectors/0583_x0543_pt015.bin,0583_x0543_pt015,,unknown,,,-128;127;94;127
vectors/0584_x0544_nz25.bin,0584_x0544_nz25,,yes,,,-51;3;120;-6
vectors/0585_x0545_ts+05.bin,0585_x0545_ts+05,,no,,,-82;38;2;87
vectors/0586_x0546_sc035.bin,0586_x0546_sc035,,no,,,-128;80;77;108
vectors/0587_x0547_mx005.bin,0587_x0547_mx005,,yes,,,-47;-3;116;-4
vectors/0588_x0548_g-064.bin,0588_x0548_g-064,,unknown,,,-128;74;69;63
vectors/0589_x0549_u-128.bin,0589_x0549_u-128,,yes,,,-128;68;71;69
vectors/0590_x0550_sp11.bin,0590_x0550_sp11,,unknown,,,-22;36;20;22
vectors/0591_x0551_pt223.bin,0591_x0551_pt223,,no,,,-128;72;78;127
vectors/0592_x0552_nz33.bin,0592_x0552_nz33,,yes,,,-61;0;125;-4
vectors/0593_x0553_ts-11.bin,0593_x0553_ts-11,,no,,,-51;41;-18;96
vectors/0594_x0554_sc075.bin,0594_x0554_sc075,,no,,,-128;85;82;94
vectors/0595_x0555_mx045.bin,0595_x0555_mx045,,yes,,,-20;3;73;3
vectors/0596_x0556_g+064.bin,0596_x0556_g+064,,no,,,-128;109;112;127
vectors/0597_x0557_u-016.bin,0597_x0557_u-016,,no,,,-128;87;86;127
vectors/0598_x0558_sp19.bin,0598_x0558_sp19,,unknown,,,-39;44;28;4
vectors/0599_x0559_pt108.bin,0599_x0559_pt108,,unknown,,,-128;127;33;54
vectors/0600_x0560_nz01.bin,0600_x0560_nz01,,yes,,,-50;-4;122;-5
vectors/0601_x0561_ts-03.bin,0601_x0561_ts-03,,no,,,-50;36;-16;77
vectors/0602_x0562_sc115.bin,0602_x0562_sc115,,unknown,,,-128;92;89;76
vectors/0603_x0563_mx085.bin,0603_x0563_mx085,,yes,,,6;10;30;11
vectors/0604_x0564_g-080.bin,0604_x0564_g-080,,no,,,-78;37;38;49
vectors/0605_x0565_u-030.bin,0605_x0565_u-030,,no,,,-128;82;81;114
vectors/0606_x0566_sp27.bin,0606_x0566_sp27,,unknown,,,-55;56;37;36
vectors/0607_x0567_pt016.bin,0607_x0567_pt016,,unknown,,,-128;127;104;127
vectors/0608_x0568_nz09.bin,0608_x0568_nz09,,yes,,,-49;-5;121;-6
vectors/0609_x0569_ts+05.bin,0609_x0569_ts+05,,no,,,-82;38;2;87
vectors/0610_x0570_sc155.bin,0610_x0570_sc155,,yes,,,-128;95;97;62
vectors/0611_x0571_mx020.bin,0611_x0571_mx020,,yes,,,-37;-1;100;-1
vectors/0612_x0572_g+048.bin,0612_x0572_g+048,,unknown,,,-128;122;116;118
vectors/0613_x0573_u-044.bin,0613_x0573_u-044,,no,,,-128;72;76;103
vectors/0614_x0574_sp05.bin,0614_x0574_sp05,,unknown,,,13;18;8;11
vectors/0615_x0575_pt201.bin,0615_x0575_pt201,,no,,,-128;72;78;127
vectors/0616_x0576_nz17.bin,0616_x0576_nz17,,yes,,,-57;-2;123;-2
vectors/0617_x0577_ts-11.bin,0617_x0577_ts-11,,no,,,-51;41;-18;96
vectors/0618_x0578_sc195.bin,0618_x0578_sc195,,yes,,,-128;97;103;58
vectors/0619_x0579_mx060.bin,0619_x0579_mx060,,yes,,,-10;6;56;6
vectors/0620_x0580_g-096.bin,0620_x0580_g-096,,yes,,,-49;30;32;32
vectors/0621_x0581_u-058.bin,0621_x0581_u-058,,no,,,-128;76;105;127
vectors/0622_x0582_sp13.bin,0622_x0582_sp13,,unknown,,,-15;33;17;18
vectors/0623_x0583_pt109.bin,0623_x0583_pt109,,unknown,,,-128;127;65;68
vectors/0624_x0584_nz25.bin,0624_x0584_nz25,,yes,,,-54;-3;123;-2
vectors/0625_x0585_ts-03.bin,0625_x0585_ts-03,,no,,,-50;36;-16;77
vectors/0626_x0586_sc235.bin,0626_x0586_sc235,,yes,,,-128;101;106;60
vectors/0627_x0587_mx100.bin,0627_x0587_mx100,,silence,,,14;14;14;14
vectors/0628_x0588_g+032.bin,0628_x0588_g+032,,no,,,-128;91;91;127
vectors/0629_x0589_u-072.bin,0629_x0589_u-072,,yes,,,-128;73;116;110
vectors/0630_x0590_sp21.bin,0630_x0590_sp21,,unknown,,,-64;61;47;10
vectors/0631_x0591_pt017.bin,0631_x0591_pt017,,unknown,,,-128;127;110;127
vectors/0632_x0592_nz33.bin,0632_x0592_nz33,,yes,,,-49;-1;119;-7
vectors/0633_x0593_ts+05.bin,0633_x0593_ts+05,,no,,,-82;38;2;87
vectors/0634_x0594_sc275.bin,0634_x0594_sc275,,yes,,,-128;104;108;64
vectors/0635_x0595_mx035.bin,0635_x0595_mx035,,yes,,,-27;2;84;2
vectors/0636_x0596_g-112.bin,0636_x0596_g-112,,unknown,,,-93;54;41;50
vectors/0637_x0597_u-086.bin,0637_x0597_u-086,,no,,,-128;109;74;127
vectors/0638_x0598_sp29.bin,0638_x0598_sp29,,unknown,,,-56;72;21;9
vectors/0639_x0599_pt202.bin,0639_x0599_pt202,,no,,,-128;72;78;127
vectors/0640_x0600_nz01.bin,0640_x0600_nz01,,yes,,,-50;-4;122;-5
vectors/0641_x0601_ts-11.bin,0641_x0601_ts-11,,no,,,-51;41;-18;96
vectors/0642_x0602_sc015.bin,0642_x0602_sc015,,no,,,-128;78;76;112
vectors/0643_x0603_mx075.bin,0643_x0603_mx075,,yes,,,0;9;40;9
vectors/0644_x0604_g+016.bin,0644_x0604_g+016,,no,,,-128;100;83;127
vectors/0645_x0605_u-100.bin,0645_x0605_u-100,,yes,,,-128;61;98;92
vectors/0646_x0606_sp07.bin,0646_x0606_sp07,,unknown,,,-14;31;21;17
vectors/0647_x0607_pt110.bin,0647_x0607_pt110,,unknown,,,-128;127;75;71
vectors/0648_x0608_nz09.bin,0648_x0608_nz09,,yes,,,-50;-3;120;-5
vectors/0649_x0609_ts-03.bin,0649_x0609_ts-03,,no,,,-50;36;-16;77
vectors/0650_x0610_sc055.bin,0650_x0610_sc055,,no,,,-128;82;79;102
vectors/0651_x0611_mx010.bin,0651_x0611_mx010,,yes,,,-44;-3;111;-3
vectors/0652_x0612_g-128.bin,0652_x0612_g-128,,silence,,,14;14;14;14
vectors/0653_x0613_u-114.bin,0653_x0613_u-114,,yes,,,-128;51;87;69
vectors/0654_x0614_sp15.bin,0654_x0614_sp15,,unknown,,,-45;47;10;35
vectors/0655_x0615_pt018.bin,0655_x0615_pt018,,unknown,,,-128;127;127;127
vectors/0656_x0616_nz17.bin,0656_x0616_nz17,,yes,,,-50;-5;122;-5
vectors/0657_x0617_ts+05.bin,0657_x0617_ts+05,,no,,,-82;38;2;87
vectors/0658_x0618_sc095.bin,0658_x0618_sc095,,unknown,,,-128;89;86;85
vectors/0659_x0619_mx050.bin,0659_x0619_mx050,,yes,,,-17;4;67;4
vectors/0660_x0620_g+000.bin,0660_x0620_g+000,,yes,,,-128;84;86;60
vectors/0661_x0621_u-128.bin,0661_x0621_u-128,,no,,,-128;45;55;56
vectors/0662_x0622_sp23.bin,0662_x0622_sp23,,unknown,,,-67;55;33;15
vectors/0663_x0623_pt203.bin,0663_x0623_pt203,,no,,,-128;72;78;127
vectors/0664_x0624_nz25.bin,0664_x0624_nz25,,yes,,,-50;-2;120;-4
vectors/0665_x0625_ts-11.bin,0665_x0625_ts-11,,no,,,-51;41;-18;96
vectors/0666_x0626_sc135.bin,0666_x0626_sc135,,unknown,,,-128;94;94;68
vectors/0667_x0627_mx090.bin,0667_x0627_mx090,,yes,,,9;12;24;12
vectors/0668_x0628_g+128.bin,0668_x0628_g+128,,no,,,-128;126;125;127
vectors/0669_x0629_u-016.bin,0669_x0629_u-016,,no,,,-128;78;80;114
vectors/0670_x0630_sp01.bin,0670_x0630_sp01,,yes,,,14;15;20;10
vectors/0671_x0631_pt111.bin,0671_x0631_pt111,,unknown,,,-128;119;55;62
vectors/0672_x0632_nz33.bin,0672_x0632_nz33,,yes,,,-57;0;126;-5
vectors/0673_x0633_ts-03.bin,0673_x0633_ts-03,,no,,,-50;36;-16;77
vectors/0674_x0634_sc175.bin,0674_x0634_sc175,,yes,,,-128;95;100;59
vectors/0675_x0635_mx025.bin,0675_x0635_mx025,,yes,,,-33;0;94;0
vectors/0676_x0636_g-016.bin,0676_x0636_g-016,,no,,,-128;66;69;101
vectors/0677_x0637_u-030.bin,0677_x0637_u-030,,no,,,-128;97;121;127
vectors/0678_x0638_sp09.bin,0678_x0638_sp09,,unknown,,,-24;34;13;27
vectors/0679_x0639_pt019.bin,0679_x0639_pt019,,unknown,,,-128;127;59;127
vectors/0680_x0640_nz01.bin,0680_x0640_nz01,,yes,,,-50;-4;121;-5
vectors/0681_x0641_ts+05.bin,0681_x0641_ts+05,,no,,,-82;38;2;87
vectors/0682_x0642_sc215.bin,0682_x0642_sc215,,yes,,,-128;99;106;58
vectors/0683_x0643_mx065.bin,0683_x0643_mx065,,yes,,,-7;7;51;7
vectors/0684_x0644_g+112.bin,0684_x0644_g+112,,yes,,,-128;109;127;127
vectors/0685_x0645_u-044.bin,0685_x0645_u-044,,no,,,-128;83;101;127
vectors/0686_x0646_sp17.bin,0686_x0646_sp17,,unknown,,,-41;51;27;32
vectors/0687_x0647_pt204.bin,0687_x0647_pt204,,no,,,-128;72;78;127
vectors/0688_x0648_nz09.bin,0688_x0648_nz09,,yes,,,-49;-3;122;-7
vectors/0689_x0649_ts-11.bin,0689_x0649_ts-11,,no,,,-51;41;-18;96
vectors/0690_x0650_sc254.bin,0690_x0650_sc254,,yes,,,-128;102;107;62
vectors/0691_x0651_mx000.bin,0691_x0651_mx000,,yes,,,-50;-5;121;-4
vectors/0692_x0652_g-032.bin,0692_x0652_g-032,,no,,,-128;50;72;78
vectors/0693_x0653_u-058.bin,0693_x0653_u-058,,no,,,-128;87;101;127
vectors/0694_x0654_sp25.bin,0694_x0654_sp25,,unknown,,,-80;55;25;30
vectors/0695_x0655_pt112.bin,0695_x0655_pt112,,unknown,,,-128;111;33;51
vectors/0696_x0656_nz17.bin,0696_x0656_nz17,,yes,,,-51;-2;122;-6
vectors/0697_x0657_ts-03.bin,0697_x0657_ts-03,,no,,,-50;36;-16;77
vectors/0698_x0658_sc295.bin,0698_x0658_sc295,,yes,,,-128;105;109;65
vectors/0699_x0659_mx040.bin,0699_x0659_mx040,,yes,,,-24;3;78;2
vectors/0700_x0660_g+096.bin,0700_x0660_g+096,,no,,,-128;125;123;127
vectors/0701_x0661_u-072.bin,0701_x0661_u-072,,no,,,-128;79;85;105
vectors/0702_x0662_sp03.bin,0702_x0662_sp03,,unknown,,,-16;32;15;26
vectors/0703_x0663_pt020.bin,0703_x0663_pt020,,unknown,,,-128;127;87;127
vectors/0704_x0664_nz25.bin,0704_x0664_nz25,,yes,,,-50;-1;120;-11
vectors/0705_x0665_ts+05.bin,0705_x0665_ts+05,,no,,,-82;38;2;87
vectors/0706_x0666_sc035.bin,0706_x0666_sc035,,no,,,-128;80;77;108
vectors/0707_x0667_mx080.bin,0707_x0667_mx080,,yes,,,3;10;35;10
vectors/0708_x0668_g-048.bin,0708_x0668_g-048,,unknown,,,-128;65;57;53
vectors/0709_x0669_u-086.bin,0709_x0669_u-086,,no,,,-128;73;81;109
vectors/0710_x0670_sp11.bin,0710_x0670_sp11,,no,,,-21;30;11;31
vectors/0711_x0671_pt205.bin,0711_x0671_pt205,,no,,,-128;72;78;127
vectors/0712_x0672_nz33.bin,0712_x0672_nz33,,yes,,,-58;5;118;-4
vectors/0713_x0673_ts-11.bin,0713_x0673_ts-11,,no,,,-51;41;-18;96
vectors/0714_x0674_sc075.bin,0714_x0674_sc075,,no,,,-128;85;82;94
vectors/0715_x0675_mx015.bin,0715_x0675_mx015,,yes,,,-40;-2;105;-2
vectors/0716_x0676_g+080.bin,0716_x0676_g+080,,no,,,-128;120;123;127
vectors/0717_x0677_u-100.bin,0717_x0677_u-100,,unknown,,,-128;67;66;60
vectors/0718_x0678_sp19.bin,0718_x0678_sp19,,unknown,,,-9;48;-2;29
vectors/0719_x0679_pt113.bin,0719_x0679_pt113,,unknown,,,-128;123;61;79
vectors/0720_x0680_nz01.bin,0720_x0680_nz01,,yes,,,-50;-4;121;-5
vectors/0721_x0681_ts-03.bin,0721_x0681_ts-03,,no,,,-50;36;-16;77
vectors/0722_x0682_sc115.bin,0722_x0682_sc115,,unknown,,,-128;92;89;76
vectors/0723_x0683_mx055.bin,0723_x0683_mx055,,yes,,,-13;5;62;5
vectors/0724_x0684_g-064.bin,0724_x0684_g-064,,no,,,-110;42;46;64
vectors/0725_x0685_u-114.bin,0725_x0685_u-114,,no,,,-128;70;63;87
vectors/0726_x0686_sp27.bin,0726_x0686_sp27,,unknown,,,-33;76;4;16
vectors/0727_x0687_pt021.bin,0727_x0687_pt021,,unknown,,,-128;127;81;127
vectors/0728_x0688_nz09.bin,0728_x0688_nz09,,yes,,,-49;-4;121;-4
vectors/0729_x0689_ts+05.bin,0729_x0689_ts+05,,no,,,-82;38;2;87
vectors/0730_x0690_sc155.bin,0730_x0690_sc155,,yes,,,-128;95;97;62
vectors/0731_x0691_mx095.bin,0731_x0691_mx095,,yes,,,13;12;19;13
vectors/0732_x0692_g+064.bin,0732_x0692_g+064,,no,,,-128;101;125;127
vectors/0733_x0693_u-128.bin,0733_x0693_u-128,,yes,,,-128;63;93;90
vectors/0734_x0694_sp05.bin,0734_x0694_sp05,,unknown,,,-11;42;18;13
vectors/0735_x0695_pt206.bin,0735_x0695_pt206,,no,,,-128;72;78;127
vectors/0736_x0696_nz17.bin,0736_x0696_nz17,,yes,,,-54;0;121;-4
vectors/0737_x0697_ts-11.bin,0737_x0697_ts-11,,no,,,-51;41;-18;96
vectors/0738_x0698_sc195.bin,0738_x0698_sc195,,yes,,,-128;97;103;58
vectors/0739_x0699_mx030.bin,0739_x0699_mx030,,yes,,,-30;1;89;1
vectors/0740_x0700_g-080.bin,0740_x0700_g-080,,no,,,-96;54;42;56
vectors/0741_x0701_u-016.bin,0741_x0701_u-016,,no,,,-128;107;113;127
vectors/0742_x0702_sp13.bin,0742_x0702_sp13,,unknown,,,-10;38;13;22
vectors/0743_x0703_pt114.bin,0743_x0703_pt114,,unknown,,,-128;127;68;93
vectors/0744_x0704_nz25.bin,0744_x0704_nz25,,yes,,,-59;0;125;-1
vectors/0745_x0705_ts-03.bin,0745_x0705_ts-03,,no,,,-50;36;-16;77
vectors/0746_x0706_sc235.bin,0746_x0706_sc235,,yes,,,-128;101;106;60
vectors/0747_x0707_mx070.bin,0747_x0707_mx070,,yes,,,-3;8;45;8
vectors/0748_x0708_g+048.bin,0748_x0708_g+048,,no,,,-128;100;101;127
vectors/0749_x0709_u-030.bin,0749_x0709_u-030,,no,,,-128;93;111;127
vectors/0750_x0710_sp21.bin,0750_x0710_sp21,,yes,,,-60;24;43;26
vectors/0751_x0711_pt022.bin,0751_x0711_pt022,,unknown,,,-128;127;102;127
vectors/0752_x0712_nz33.bin,0752_x0712_nz33,,yes,,,-56;-6;127;-1
vectors/0753_x0713_ts+05.bin,0753_x0713_ts+05,,no,,,-82;38;2;87
vectors/0754_x0714_sc275.bin,0754_x0714_sc275,,yes,,,-128;104;108;64
vectors/0755_x0715_mx005.bin,0755_x0715_mx005,,yes,,,-47;-3;116;-4
vectors/0756_x0716_g-096.bin,0756_x0716_g-096,,unknown,,,-128;90;43;81
vectors/0757_x0717_u-044.bin,0757_x0717_u-044,,no,,,-128;80;96;114
vectors/0758_x0718_sp29.bin,0758_x0718_sp29,,unknown,,,-33;51;14;30
vectors/0759_x0719_pt207.bin,0759_x0719_pt207,,no,,,-128;72;78;127
vectors/0760_x0720_nz01.bin,0760_x0720_nz01,,yes,,,-50;-4;122;-4
vectors/0761_x0721_ts-11.bin,0761_x0721_ts-11,,no,,,-51;41;-18;96
vectors/0762_x0722_sc015.bin,0762_x0722_sc015,,no,,,-128;78;76;112
vectors/0763_x0723_mx045.bin,0763_x0723_mx045,,yes,,,-20;3;73;3
vectors/0764_x0724_g+032.bin,0764_x0724_g+032,,no,,,-128;105;81;127
vectors/0765_x0725_u-058.bin,0765_x0725_u-058,,yes,,,-128;78;93;93
vectors/0766_x0726_sp07.bin,0766_x0726_sp07,,unknown,,,6;37;5;12
vectors/0767_x0727_pt115.bin,0767_x0727_pt115,,unknown,,,-128;126;76;84
vectors/0768_x0728_nz09.bin,0768_x0728_nz09,,yes,,,-50;-4;120;-5
vectors/0769_x0729_ts-03.bin,0769_x0729_ts-03,,no,,,-50;36;-16;77
vectors/0770_x0730_sc055.bin,0770_x0730_sc055,,no,,,-128;82;79;102
vectors/0771_x0731_mx085.bin,0771_x0731_mx085,,yes,,,6;10;30;11
vectors/0772_x0732_g-112.bin,0772_x0732_g-112,,no,,,-13;20;21;26
vectors/0773_x0733_u-072.bin,0773_x0733_u-072,,no,,,-128;78;77;104
vectors/0774_x0734_sp15.bin,0774_x0734_sp15,,unknown,,,-17;42;8;23
vectors/0775_x0735_pt023.bin,0775_x0735_pt023,,unknown,,,-128;127;68;127
vectors/0776_x0736_nz17.bin,0776_x0736_nz17,,yes,,,-51;-2;122;-5
vectors/0777_x0737_ts+05.bin,0777_x0737_ts+05,,no,,,-82;38;2;87
vectors/0778_x0738_sc095.bin,0778_x0738_sc095,,unknown,,,-128;89;86;85
vectors/0779_x0739_mx020.bin,0779_x0739_mx020,,yes,,,-37;-1;100;-1
vectors/0780_x0740_g+016.bin,0780_x0740_g+016,,no,,,-128;83;116;127
vectors/0781_x0741_u-086.bin,0781_x0741_u-086,,no,,,-128;61;83;90
vectors/0782_x0742_sp23.bin,0782_x0742_sp23,,unknown,,,-4;35;2;13
vectors/0783_x0743_pt208.bin,0783_x0743_pt208,,no,,,-128;72;78;127
vectors/0784_x0744_nz25.bin,0784_x0744_nz25,,yes,,,-59;-2;123;-1
vectors/0785_x0745_ts-11.bin,0785_x0745_ts-11,,no,,,-51;41;-18;96
vectors/0786_x0746_sc135.bin,0786_x0746_sc135,,unknown,,,-128;94;94;68
vectors/0787_x0747_mx060.bin,0787_x0747_mx060,,yes,,,-10;6;56;6
vectors/0788_x0748_g-128.bin,0788_x0748_g-128,,unknown,,,-24;28;22;17
vectors/0789_x0749_u-100.bin,0789_x0749_u-100,,no,,,-128;98;72;127
vectors/0790_x0750_sp01.bin,0790_x0750_sp01,,unknown,,,9;18;11;15
vectors/0791_x0751_pt116.bin,0791_x0751_pt116,,unknown,,,-128;125;81;94
vectors/0792_x0752_nz33.bin,0792_x0752_nz33,,yes,,,-55;-2;119;-3
vectors/0793_x0753_ts-03.bin,0793_x0753_ts-03,,no,,,-50;36;-16;77
vectors/0794_x0754_sc175.bin,0794_x0754_sc175,,yes,,,-128;95;100;59
vectors/0795_x0755_mx100.bin,0795_x0755_mx100,,silence,,,14;14;14;14
vectors/0796_x0756_g+000.bin,0796_x0756_g+000,,no,,,-128;76;77;114
vectors/0797_x0757_u-114.bin,0797_x0757_u-114,,no,,,-128;77;90;93
vectors/0798_x0758_sp09.bin,0798_x0758_sp09,,unknown,,,-20;35;18;28
vectors/0799_x0759_pt001.bin,0799_x0759_pt001,,silence,,,127;-119;-112;-18
vectors/0800_x0760_nz01.bin,0800_x0760_nz01,,yes,,,-50;-4;121;-5
vectors/0801_x0761_ts+05.bin,0801_x0761_ts+05,,no,,,-82;38;2;87
vectors/0802_x0762_sc215.bin,0802_x0762_sc215,,yes,,,-128;99;106;58
vectors/0803_x0763_mx035.bin,0803_x0763_mx035,,yes,,,-27;2;84;2
vectors/0804_x0764_g+128.bin,0804_x0764_g+128,,yes,,,-128;123;127;127
vectors/0805_x0765_u-128.bin,0805_x0765_u-128,,yes,,,-128;85;92;81
vectors/0806_x0766_sp17.bin,0806_x0766_sp17,,unknown,,,-55;55;23;38
vectors/0807_x0767_pt209.bin,0807_x0767_pt209,,no,,,-128;72;78;127
vectors/0808_x0768_nz09.bin,0808_x0768_nz09,,yes,,,-50;-4;121;-5
vectors/0809_x0769_ts-11.bin,0809_x0769_ts-11,,no,,,-51;41;-18;96
vectors/0810_x0770_sc254.bin,0810_x0770_sc254,,yes,,,-128;102;107;62
vectors/0811_x0771_mx075.bin,0811_x0771_mx075,,yes,,,0;9;40;9
vectors/0812_x0772_g-016.bin,0812_x0772_g-016,,no,,,-128;74;79;119
vectors/0813_x0773_u-016.bin,0813_x0773_u-016,,no,,,-128;100;94;127
vectors/0814_x0774_sp25.bin,0814_x0774_sp25,,unknown,,,-68;47;32;29
vectors/0815_x0775_pt117.bin,0815_x0775_pt117,,unknown,,,-128;122;90;92
vectors/0816_x0776_nz17.bin,0816_x0776_nz17,,yes,,,-54;0;121;-3
vectors/0817_x0777_ts-03.bin,0817_x0777_ts-03,,no,,,-50;36;-16;77
vectors/0818_x0778_sc295.bin,0818_x0778_sc295,,yes,,,-128;105;109;65
vectors/0819_x0779_mx010.bin,0819_x0779_mx010,,yes,,,-44;-3;111;-3
vectors/0820_x0780_g+112.bin,0820_x0780_g+112,,unknown,,,-128;127;127;127
vectors/0821_x0781_u-030.bin,0821_x0781_u-030,,no,,,-128;80;79;125
vectors/0822_x0782_sp03.bin,0822_x0782_sp03,,unknown,,,-6;31;12;20
vectors/0823_x0783_pt002.bin,0823_x0783_pt002,,yes,,,-128;119;127;25
vectors/0824_x0784_nz25.bin,0824_x0784_nz25,,yes,,,-53;-2;122;-7
vectors/0825_x0785_ts+05.bin,0825_x0785_ts+05,,no,,,-82;38;2;87
vectors/0826_x0786_sc035.bin,0826_x0786_sc035,,no,,,-128;80;77;108
vectors/0827_x0787_mx050.bin,0827_x0787_mx050,,yes,,,-17;4;67;4
vectors/0828_x0788_g-032.bin,0828_x0788_g-032,,unknown,,,-128;105;71;93
vectors/0829_x0789_u-044.bin,0829_x0789_u-044,,no,,,-128;78;80;116
vectors/0830_x0790_sp11.bin,0830_x0790_sp11,,unknown,,,-28;44;24;21
vectors/0831_x0791_pt210.bin,0831_x0791_pt210,,no,,,-128;72;78;127
vectors/0832_x0792_nz33.bin,0832_x0792_nz33,,yes,,,-55;2;122;-5
vectors/0833_x0793_ts-11.bin,0833_x0793_ts-11,,no,,,-51;41;-18;96
vectors/0834_x0794_sc075.bin,0834_x0794_sc075,,no,,,-128;85;82;94
vectors/0835_x0795_mx090.bin,0835_x0795_mx090,,yes,,,9;12;24;12
vectors/0836_x0796_g+096.bin,0836_x0796_g+096,,yes,,,-128;105;127;127
vectors/0837_x0797_u-058.bin,0837_x0797_u-058,,no,,,-128;57;78;86
vectors/0838_x0798_sp19.bin,0838_x0798_sp19,,unknown,,,-45;59;20;14
vectors/0839_x0799_pt118.bin,0839_x0799_pt118,,unknown,,,-128;125;89;87
vectors/0840_x0800_nz01.bin,0840_x0800_nz01,,yes,,,-50;-4;121;-4
vectors/0841_x0801_ts-03.bin,0841_x0801_ts-03,,no,,,-50;36;-16;77
vectors/0842_x0802_sc115.bin,0842_x0802_sc115,,unknown,,,-128;92;89;76
vectors/0843_x0803_mx025.bin,0843_x0803_mx025,,yes,,,-33;0;94;0
vectors/0844_x0804_g-048.bin,0844_x0804_g-048,,no,,,-128;52;52;75
vectors/0845_x0805_u-072.bin,0845_x0805_u-072,,no,,,-128;79;116;127
vectors/0846_x0806_sp27.bin,0846_x0806_sp27,,unknown,,,-64;58;14;37
vectors/0847_x0807_pt003.bin,0847_x0807_pt003,,unknown,,,24;34;-4;-21
vectors/0848_x0808_nz09.bin,0848_x0808_nz09,,yes,,,-50;-5;121;-6
vectors/0849_x0809_ts+05.bin,0849_x0809_ts+05,,no,,,-82;38;2;87
vectors/0850_x0810_sc155.bin,0850_x0810_sc155,,yes,,,-128;95;97;62
vectors/0851_x0811_mx065.bin,0851_x0811_mx065,,yes,,,-7;7;51;7
vectors/0852_x0812_g+080.bin,0852_x0812_g+080,,yes,,,-128;126;127;127
vectors/0853_x0813_u-086.bin,0853_x0813_u-086,,no,,,-128;98;115;127
vectors/0854_x0814_sp05.bin,0854_x0814_sp05,,unknown,,,-4;26;18;12
vectors/0855_x0815_pt211.bin,0855_x0815_pt211,,no,,,-128;72;78;127
vectors/0856_x0816_nz17.bin,0856_x0816_nz17,,yes,,,-51;-4;122;-6
vectors/0857_x0817_ts-11.bin,0857_x0817_ts-11,,no,,,-51;41;-18;96
vectors/0858_x0818_sc195.bin,0858_x0818_sc195,,yes,,,-128;97;103;58
vectors/0859_x0819_mx000.bin,0859_x0819_mx000,,yes,,,-50;-5;121;-4
vectors/0860_x0820_g-064.bin,0860_x0820_g-064,,unknown,,,-128;63;62;61
vectors/0861_x0821_u-100.bin,0861_x0821_u-100,,unknown,,,-128;113;70;109
vectors/0862_x0822_sp13.bin,0862_x0822_sp13,,unknown,,,-6;33;0;21
vectors/0863_x0823_pt119.bin,0863_x0823_pt119,,unknown,,,-128;114;85;83
vectors/0864_x0824_nz25.bin,0864_x0824_nz25,,yes,,,-53;-2;119;-4
vectors/0865_x0825_ts-03.bin,0865_x0825_ts-03,,no,,,-50;36;-16;77
vectors/0866_x0826_sc235.bin,0866_x0826_sc235,,yes,,,-128;101;106;60
vectors/0867_x0827_mx040.bin,0867_x0827_mx040,,yes,,,-24;3;78;2
vectors/0868_x0828_g+064.bin,0868_x0828_g+064,,no,,,-128;108;110;127
vectors/0869_x0829_u-114.bin,0869_x0829_u-114,,yes,,,-128;77;79;66
vectors/0870_x0830_sp21.bin,0870_x0830_sp21,,unknown,,,6;37;1;8
vectors/0871_x0831_pt004.bin,0871_x0831_pt004,,unknown,,,-128;127;127;22
vectors/0872_x0832_nz33.bin,0872_x0832_nz33,,yes,,,-59;-3;118;-4
vectors/0873_x0833_ts+05.bin,0873_x0833_ts+05,,no,,,-82;38;2;87
vectors/0874_x0834_sc275.bin,0874_x0834_sc275,,yes,,,-128;104;108;64
vectors/0875_x0835_mx080.bin,0875_x0835_mx080,,yes,,,3;10;35;10
vectors/0876_x0836_g-080.bin,0876_x0836_g-080,,yes,,,-128;56;68;58
vectors/0877_x0837_u-128.bin,0877_x0837_u-128,,yes,,,-128;62;86;63
vectors/0878_x0838_sp29.bin,0878_x0838_sp29,,unknown,,,-59;59;10;48
vectors/0879_x0839_pt212.bin,0879_x0839_pt212,,no,,,-128;72;78;127
vectors/0880_x0840_nz01.bin,0880_x0840_nz01,,yes,,,-50;-4;121;-5
vectors/0881_x0841_ts-11.bin,0881_x0841_ts-11,,no,,,-51;41;-18;96
vectors/0882_x0842_sc015.bin,0882_x0842_sc015,,no,,,-128;78;76;112
vectors/0883_x0843_mx015.bin,0883_x0843_mx015,,yes,,,-40;-2;105;-2
vectors/0884_x0844_g+048.bin,0884_x0844_g+048,,no,,,-128;108;103;127
vectors/0885_x0845_u-016.bin,0885_x0845_u-016,,no,,,-128;84;84;116
vectors/0886_x0846_sp07.bin,0886_x0846_sp07,,no,,,-21;28;13;36
vectors/0887_x0847_pt120.bin,0887_x0847_pt120,,unknown,,,-128;109;75;75
vectors/0888_x0848_nz09.bin,0888_x0848_nz09,,yes,,,-51;-3;123;-5
vectors/0889_x0849_ts-03.bin,0889_x0849_ts-03,,no,,,-50;36;-16;77
vectors/0890_x0850_sc055.bin,0890_x0850_sc055,,no,,,-128;82;79;102
vectors/0891_x0851_mx055.bin,0891_x0851_mx055,,yes,,,-13;5;62;5
vectors/0892_x0852_g-096.bin,0892_x0852_g-096,,no,,,-41;26;28;35
vectors/0893_x0853_u-030.bin,0893_x0853_u-030,,no,,,-128;74;75;104
vectors/0894_x0854_sp15.bin,0894_x0854_sp15,,unknown,,,-42;45;13;28
vectors/0895_x0855_pt005.bin,0895_x0855_pt005,,unknown,,,-128;127;27;127
vectors/0896_x0856_nz17.bin,0896_x0856_nz17,,yes,,,-52;-3;118;-2
vectors/0897_x0857_ts+05.bin,0897_x0857_ts+05,,no,,,-82;38;2;87
vectors/0898_x0858_sc095.bin,0898_x0858_sc095,,unknown,,,-128;89;86;85
vectors/0899_x0859_mx095.bin,0899_x0859_mx095,,yes,,,13;12;19;13
vectors/0900_x0860_g+032.bin,0900_x0860_g+032,,unknown,,,-128;127;102;127
vectors/0901_x0861_u-044.bin,0901_x0861_u-044,,no,,,-128;90;100;127
vectors/0902_x0862_sp23.bin,0902_x0862_sp23,,unknown,,,-55;57;17;28
vectors/0903_x0863_pt213.bin,0903_x0863_pt213,,no,,,-128;72;78;127
vectors/0904_x0864_nz25.bin,0904_x0864_nz25,,yes,,,-52;-1;119;-6
vectors/0905_x0865_ts-11.bin,0905_x0865_ts-11,,no,,,-51;41;-18;96
vectors/0906_x0866_sc135.bin,0906_x0866_sc135,,unknown,,,-128;94;94;68
vectors/0907_x0867_mx030.bin,0907_x0867_mx030,,yes,,,-30;1;89;1
vectors/0908_x0868_g-112.bin,0908_x0868_g-112,,yes,,,-60;32;44;36
vectors/0909_x0869_u-058.bin,0909_x0869_u-058,,no,,,-128;97;99;127
vectors/0910_x0870_sp01.bin,0910_x0870_sp01,,yes,,,6;16;20;10
vectors/0911_x0871_pt121.bin,0911_x0871_pt121,,unknown,,,-128;100;68;68
vectors/0912_x0872_nz33.bin,0912_x0872_nz33,,yes,,,-51;1;119;-8
vectors/0913_x0873_ts-03.bin,0913_x0873_ts-03,,no,,,-50;36;-16;77
vectors/0914_x0874_sc175.bin,0914_x0874_sc175,,yes,,,-128;95;100;59
vectors/0915_x0875_mx070.bin,0915_x0875_mx070,,yes,,,-3;8;45;8
vectors/0916_x0876_g+016.bin,0916_x0876_g+016,,no,,,-128;83;88;125
vectors/0917_x0877_u-072.bin,0917_x0877_u-072,,no,,,-128;68;86;114
vectors/0918_x0878_sp09.bin,0918_x0878_sp09,,unknown,,,-10;34;10;18
vectors/0919_x0879_pt006.bin,0919_x0879_pt006,,unknown,,,-128;127;127;127
vectors/0920_x0880_nz01.bin,0920_x0880_nz01,,yes,,,-50;-4;121;-5
vectors/0921_x0881_ts+05.bin,0921_x0881_ts+05,,no,,,-82;38;2;87
vectors/0922_x0882_sc215.bin,0922_x0882_sc215,,yes,,,-128;99;106;58
vectors/0923_x0883_mx005.bin,0923_x0883_mx005,,yes,,,-47;-3;116;-4
vectors/0924_x0884_g-128.bin,0924_x0884_g-128,,yes,,,-51;40;59;4
vectors/0925_x0885_u-086.bin,0925_x0885_u-086,,no,,,-128;66;89;91
vectors/0926_x0886_sp17.bin,0926_x0886_sp17,,unknown,,,-27;30;5;28
vectors/0927_x0887_pt214.bin,0927_x0887_pt214,,no,,,-128;72;78;127
vectors/0928_x0888_nz09.bin,0928_x0888_nz09,,yes,,,-49;-2;120;-5
vectors/0929_x0889_ts-11.bin,0929_x0889_ts-11,,no,,,-51;41;-18;96
vectors/0930_x0890_sc254.bin,0930_x0890_sc254,,yes,,,-128;102;107;62
vectors/0931_x0891_mx045.bin,0931_x0891_mx045,,yes,,,-20;3;73;3
vectors/0932_x0892_g+000.bin,0932_x0892_g+000,,no,,,-128;94;90;123
vectors/0933_x0893_u-100.bin,0933_x0893_u-100,,yes,,,-128;51;81;68
vectors/0934_x0894_sp25.bin,0934_x0894_sp25,,unknown,,,-25;56;3;17
vectors/0935_x0895_pt122.bin,0935_x0895_pt122,,unknown,,,-128;100;49;60
vectors/0936_x0896_nz17.bin,0936_x0896_nz17,,yes,,,-49;-2;117;-3
vectors/0937_x0897_ts-03.bin,0937_x0897_ts-03,,no,,,-50;36;-16;77
vectors/0938_x0898_sc295.bin,0938_x0898_sc295,,yes,,,-128;105;109;65
vectors/0939_x0899_mx085.bin,0939_x0899_mx085,,yes,,,6;10;30;11
vectors/0940_x0900_g+128.bin,0940_x0900_g+128,,unknown,,,-128;127;127;127
vectors/0941_x0901_u-114.bin,0941_x0901_u-114,,no,,,-128;59;74;99
vectors/0942_x0902_sp03.bin,0942_x0902_sp03,,unknown,,,3;22;18;12
vectors/0943_x0903_pt007.bin,0943_x0903_pt007,,unknown,,,-128;127;127;113
vectors/0944_x0904_nz25.bin,0944_x0904_nz25,,yes,,,-57;4;120;-1
vectors/0945_x0905_ts+05.bin,0945_x0905_ts+05,,no,,,-82;38;2;87
vectors/0946_x0906_sc035.bin,0946_x0906_sc035,,no,,,-128;80;77;108
vectors/0947_x0907_mx020.bin,0947_x0907_mx020,,yes,,,-37;-1;100;-1
vectors/0948_x0908_g-016.bin,0948_x0908_g-016,,no,,,-128;82;67;109
vectors/0949_x0909_u-128.bin,0949_x0909_u-128,,yes,,,-128;65;74;53
vectors/0950_x0910_sp11.bin,0950_x0910_sp11,,unknown,,,-18;39;13;5
vectors/0951_x0911_pt215.bin,0951_x0911_pt215,,no,,,-128;72;78;127
vectors/0952_x0912_nz33.bin,0952_x0912_nz33,,yes,,,-53;-2;118;-5
vectors/0953_x0913_ts-11.bin,0953_x0913_ts-11,,no,,,-51;41;-18;96
vectors/0954_x0914_sc075.bin,0954_x0914_sc075,,no,,,-128;85;82;94
vectors/0955_x0915_mx060.bin,0955_x0915_mx060,,yes,,,-10;6;56;6
vectors/0956_x0916_g+112.bin,0956_x0916_g+112,,unknown,,,-128;127;127;127
vectors/0957_x0917_u-016.bin,0957_x0917_u-016,,yes,,,-128;95;127;127
vectors/0958_x0918_sp19.bin,0958_x0918_sp19,,unknown,,,-15;45;17;20
vectors/0959_x0919_pt123.bin,0959_x0919_pt123,,unknown,,,-125;99;43;61
vectors/0960_x0920_nz01.bin,0960_x0920_nz01,,yes,,,-50;-4;122;-5
vectors/0961_x0921_ts-03.bin,0961_x0921_ts-03,,no,,,-50;36;-16;77
vectors/0962_x0922_sc115.bin,0962_x0922_sc115,,unknown,,,-128;92;89;76
vectors/0963_x0923_mx100.bin,0963_x0923_mx100,,silence,,,14;14;14;14
vectors/0964_x0924_g-032.bin,0964_x0924_g-032,,no,,,-128;60;62;87
vectors/0965_x0925_u-030.bin,0965_x0925_u-030,,no,,,-128;93;115;127
vectors/0966_x0926_sp27.bin,0966_x0926_sp27,,unknown,,,-27;45;20;10
vectors/0967_x0927_pt008.bin,0967_x0927_pt008,,unknown,,,-128;127;127;127
vectors/0968_x0928_nz09.bin,0968_x0928_nz09,,yes,,,-51;-4;122;-5
vectors/0969_x0929_ts+05.bin,0969_x0929_ts+05,,no,,,-82;38;2;87
vectors/0970_x0930_sc155.bin,0970_x0930_sc155,,yes,,,-128;95;97;62
vectors/0971_x0931_mx035.bin,0971_x0931_mx035,,yes,,,-27;2;84;2
vectors/0972_x0932_g+096.bin,0972_x0932_g+096,,unknown,,,-128;127;127;127
vectors/0973_x0933_u-044.bin,0973_x0933_u-044,,no,,,-128;87;101;119
vectors/0974_x0934_sp05.bin,0974_x0934_sp05,,unknown,,,-8;31;24;-2
vectors/0975_x0935_pt216.bin,0975_x0935_pt216,,no,,,-128;72;78;127
vectors/0976_x0936_nz17.bin,0976_x0936_nz17,,yes,,,-53;-6;122;-2
vectors/0977_x0937_ts-11.bin,0977_x0937_ts-11,,no,,,-51;41;-18;96
vectors/0978_x0938_sc195.bin,0978_x0938_sc195,,yes,,,-128;97;103;58
vectors/0979_x0939_mx075.bin,0979_x0939_mx075,,yes,,,0;9;40;9
vectors/0980_x0940_g-048.bin,0980_x0940_g-048,,no,,,-124;50;44;63
vectors/0981_x0941_u-058.bin,0981_x0941_u-058,,no,,,-128;85;90;127
vectors/0982_x0942_sp13.bin,0982_x0942_sp13,,no,,,-21;22;5;38
vectors/0983_x0943_pt101.bin,0983_x0943_pt101,,yes,,,-128;48;96;63
vectors/0984_x0944_nz25.bin,0984_x0944_nz25,,yes,,,-53;-4;119;-4
vectors/0985_x0945_ts-03.bin,0985_x0945_ts-03,,no,,,-50;36;-16;77
vectors/0986_x0946_sc235.bin,0986_x0946_sc235,,yes,,,-128;101;106;60
vectors/0987_x0947_mx010.bin,0987_x0947_mx010,,yes,,,-44;-3;111;-3
vectors/0988_x0948_g+080.bin,0988_x0948_g+080,,no,,,-128;118;115;127
vectors/0989_x0949_u-072.bin,0989_x0949_u-072,,no,,,-128;62;98;121
vectors/0990_x0950_sp21.bin,0990_x0950_sp21,,unknown,,,-45;57;19;8
vectors/0991_x0951_pt009.bin,0991_x0951_pt009,,unknown,,,-128;127;127;127
vectors/0992_x0952_nz33.bin,0992_x0952_nz33,,yes,,,-51;-3;120;-5
vectors/0993_x0953_ts+05.bin,0993_x0953_ts+05,,no,,,-82;38;2;87
vectors/0994_x0954_sc275.bin,0994_x0954_sc275,,yes,,,-128;104;108;64
vectors/0995_x0955_mx050.bin,0995_x0955_mx050,,yes,,,-17;4;67;4
vectors/0996_x0956_g-064.bin,0996_x0956_g-064,,yes,,,-128;55;63;57
vectors/0997_x0957_u-086.bin,0997_x0957_u-086,,no,,,-128;69;85;86
vectors/0998_x0958_sp29.bin,0998_x0958_sp29,,unknown,,,-27;51;23;11
vectors/0999_x0959_pt217.bin,0999_x0959_pt217,,no,,,-128;72;78;127
