index,name,golden_ref,predicted,matches_golden,truth_info,matches_truth_info,golden_scores,scores,score_error_pct,latency_ms,tx_ms,timeout,retries,raw
0,0239_x0199_pt116,unknown,unknown,1,,,,,,24.542,167.245,0,0,RESULT: unknown
1,0310_x0270_sp01,yes,yes,1,,,,,,25.107,166.482,0,0,RESULT: yes
2,0101_x0061_u-030,no,no,1,,,,,,42.981,166.724,0,0,RESULT: no
3,0624_x0584_nz25,yes,yes,1,,,,,,43.691,166.609,0,0,RESULT: yes
4,0001_no_real,no,no,1,no,1,,,,43.045,166.693,0,0,RESULT: no
5,0628_x0588_g+032,no,no,1,,,,,,43.169,166.583,0,0,RESULT: no
6,0612_x0572_g+048,unknown,unknown,1,,,,,,43.247,166.696,0,0,RESULT: unknown
7,0482_x0442_sc115,unknown,unknown,1,,,,,,42.778,166.889,0,0,RESULT: unknown
8,0215_x0175_pt115,unknown,unknown,1,,,,,,44.056,166.531,0,0,RESULT: unknown
9,0981_x0941_u-058,no,no,1,,,,,,43.233,166.782,0,0,RESULT: no
10,0782_x0742_sp23,unknown,unknown,1,,,,,,43.212,166.649,0,0,RESULT: unknown
11,0191_x0151_pt114,unknown,unknown,1,,,,,,42.983,166.795,0,0,RESULT: unknown
12,0737_x0697_ts-11,no,no,1,,,,,,43.569,166.598,0,0,RESULT: no
13,0530_x0490_sc055,no,no,1,,,,,,43.465,166.713,0,0,RESULT: no
14,0800_x0760_nz01,yes,yes,1,,,,,,43.242,166.645,0,0,RESULT: yes
15,0894_x0854_sp15,unknown,unknown,1,,,,,,43.338,166.631,0,0,RESULT: unknown
16,0088_x0048_nz09,yes,yes,1,,,,,,43.985,166.616,0,0,RESULT: yes
17,0915_x0875_mx070,yes,yes,1,,,,,,43.073,166.528,0,0,RESULT: yes
18,0721_x0681_ts-03,no,no,1,,,,,,42.965,166.648,0,0,RESULT: no
19,0345_x0305_ts+05,no,no,1,,,,,,43.369,166.700,0,0,RESULT: no
20,0965_x0925_u-030,no,no,1,,,,,,43.224,166.605,0,0,RESULT: no
21,0399_x0359_pt215,no,no,1,,,,,,43.722,166.618,0,0,RESULT: no
22,0997_x0957_u-086,no,no,1,,,,,,43.514,166.984,0,0,RESULT: no
23,0543_x0503_pt221,no,no,1,,,,,,43.306,166.812,0,0,RESULT: no
24,0103_x0063_pt018,unknown,unknown,1,,,,,,43.148,166.957,0,0,RESULT: unknown
25,0253_x0213_u-044,no,no,1,,,,,,43.322,166.565,0,0,RESULT: no
26,0600_x0560_nz01,yes,yes,1,,,,,,43.587,166.980,0,0,RESULT: yes
27,0009_no_noise8,no,no,1,,,,,,43.325,166.588,0,0,RESULT: no
28,0914_x0874_sc175,yes,yes,1,,,,,,43.366,166.797,0,0,RESULT: yes
29,0511_x0471_pt012,unknown,unknown,1,,,,,,43.178,166.622,0,0,RESULT: unknown
30,0378_x0338_sc195,yes,yes,1,,,,,,43.179,166.928,0,0,RESULT: yes
31,0610_x0570_sc155,yes,yes,1,,,,,,42.962,166.673,0,0,RESULT: yes
32,0618_x0578_sc195,yes,yes,1,,,,,,43.804,166.670,0,0,RESULT: yes
33,0489_x0449_ts+05,no,no,1,,,,,,43.143,166.668,0,0,RESULT: no
34,0861_x0821_u-100,unknown,unknown,1,,,,,,43.563,166.699,0,0,RESULT: unknown
35,0974_x0934_sp05,unknown,unknown,1,,,,,,43.791,166.500,0,0,RESULT: unknown
36,0646_x0606_sp07,unknown,unknown,1,,,,,,43.233,166.658,0,0,RESULT: unknown
37,0870_x0830_sp21,unknown,unknown,1,,,,,,43.953,166.414,0,0,RESULT: unknown
38,0114_x0074_sc075,no,no,1,,,,,,43.347,166.633,0,0,RESULT: no
39,0170_x0130_sc055,no,no,1,,,,,,43.713,166.497,0,0,RESULT: no
40,0703_x0663_pt020,unknown,unknown,1,,,,,,43.557,166.588,0,0,RESULT: unknown
41,0289_x0249_ts-03,no,no,1,,,,,,43.291,166.587,0,0,RESULT: no
42,0911_x0871_pt121,unknown,unknown,1,,,,,,43.374,166.584,0,0,RESULT: unknown
43,0908_x0868_g-112,yes,yes,1,,,,,,43.341,166.528,0,0,RESULT: yes
44,0848_x0808_nz09,yes,yes,1,,,,,,43.436,166.608,0,0,RESULT: yes
45,0732_x0692_g+064,no,no,1,,,,,,42.853,166.871,0,0,RESULT: no
46,0950_x0910_sp11,unknown,unknown,1,,,,,,43.309,166.475,0,0,RESULT: unknown
47,0834_x0794_sc075,no,no,1,,,,,,43.527,166.977,0,0,RESULT: no
48,0655_x0615_pt018,unknown,unknown,1,,,,,,43.703,166.553,0,0,RESULT: unknown
49,0108_x0068_g-128,unknown,unknown,1,,,,,,42.872,167.116,0,0,RESULT: unknown
50,0300_x0260_g-048,unknown,unknown,1,,,,,,43.294,166.442,0,0,RESULT: unknown
51,0522_x0482_sc015,no,no,1,,,,,,43.233,166.734,0,0,RESULT: no
52,0948_x0908_g-016,no,no,1,,,,,,43.413,166.729,0,0,RESULT: no
53,0077_x0037_u-114,no,no,1,,,,,,43.296,166.698,0,0,RESULT: no
54,0072_x0032_nz33,yes,yes,1,,,,,,43.503,166.594,0,0,RESULT: yes
55,0526_x0486_sp07,unknown,unknown,1,,,,,,43.180,166.621,0,0,RESULT: unknown
56,0022_mix_yes75,yes,yes,1,,,,,,43.414,166.560,0,0,RESULT: yes
57,0100_x0060_g+016,no,no,1,,,,,,43.416,166.894,0,0,RESULT: no
58,0295_x0255_pt003,unknown,unknown,1,,,,,,43.113,166.683,0,0,RESULT: unknown
59,0509_x0469_u-114,no,no,1,,,,,,43.333,166.712,0,0,RESULT: no
60,0905_x0865_ts-11,no,no,1,,,,,,43.138,166.644,0,0,RESULT: no
61,0521_x0481_ts-11,no,no,1,,,,,,43.333,166.601,0,0,RESULT: no
62,0931_x0891_mx045,yes,yes,1,,,,,,43.059,166.636,0,0,RESULT: yes
63,0845_x0805_u-072,no,no,1,,,,,,42.909,166.673,0,0,RESULT: no
64,0270_x0230_sp21,unknown,unknown,1,,,,,,42.939,166.833,0,0,RESULT: unknown
65,0123_x0083_mx100,silence,silence,1,,,,,,43.992,166.742,0,0,RESULT: silence
66,0284_x0244_g-032,yes,yes,1,,,,,,42.958,167.043,0,0,RESULT: yes
67,0507_x0467_mx025,yes,yes,1,,,,,,43.520,166.546,0,0,RESULT: yes
68,0727_x0687_pt021,unknown,unknown,1,,,,,,43.284,166.642,0,0,RESULT: unknown
69,0827_x0787_mx050,yes,yes,1,,,,,,43.213,166.666,0,0,RESULT: yes
70,0975_x0935_pt216,no,no,1,,,,,,43.459,166.639,0,0,RESULT: no
71,0492_x0452_g+032,no,no,1,,,,,,43.117,166.662,0,0,RESULT: no
72,0410_x0370_sc055,no,no,1,,,,,,42.981,166.765,0,0,RESULT: no
73,0745_x0705_ts-03,no,no,1,,,,,,43.872,166.709,0,0,RESULT: no
74,0775_x0735_pt023,unknown,unknown,1,,,,,,42.979,166.735,0,0,RESULT: unknown
75,0214_x0174_sp25,unknown,unknown,1,,,,,,43.031,166.604,0,0,RESULT: unknown
76,0379_x0339_mx015,yes,yes,1,,,,,,43.193,166.653,0,0,RESULT: yes
77,0004_syn_unknown,unknown,unknown,1,,,,,,44.044,166.658,0,0,RESULT: unknown
78,0050_x0010_sc055,no,no,1,,,,,,43.609,166.559,0,0,RESULT: no
79,0182_x0142_sp23,unknown,unknown,1,,,,,,43.369,166.601,0,0,RESULT: unknown
80,0596_x0556_g+064,no,no,1,,,,,,43.531,166.583,0,0,RESULT: no
81,0256_x0216_nz17,yes,yes,1,,,,,,42.918,166.973,0,0,RESULT: yes
82,0780_x0740_g+016,no,no,1,,,,,,43.953,166.638,0,0,RESULT: no
83,0339_x0299_mx025,yes,yes,1,,,,,,43.274,166.807,0,0,RESULT: yes
84,0207_x0167_pt207,no,no,1,,,,,,43.374,166.595,0,0,RESULT: no
85,0429_x0389_u-100,no,no,1,,,,,,43.199,166.894,0,0,RESULT: no
86,0433_x0393_ts-03,no,no,1,,,,,,43.535,166.660,0,0,RESULT: no
87,0393_x0353_ts+05,no,no,1,,,,,,43.442,166.651,0,0,RESULT: no
88,0515_x0475_mx065,yes,yes,1,,,,,,43.329,166.549,0,0,RESULT: yes
89,0457_x0417_ts-03,no,no,1,,,,,,43.077,166.689,0,0,RESULT: no
90,0168_x0128_nz09,yes,yes,1,,,,,,43.483,166.616,0,0,RESULT: yes
91,0690_x0650_sc254,yes,yes,1,,,,,,43.249,166.628,0,0,RESULT: yes
92,0863_x0823_pt119,unknown,unknown,1,,,,,,43.298,166.729,0,0,RESULT: unknown
93,0592_x0552_nz33,yes,yes,1,,,,,,43.203,166.679,0,0,RESULT: yes
94,0674_x0634_sc175,yes,yes,1,,,,,,43.138,166.635,0,0,RESULT: yes
95,0510_x0470_sp21,unknown,unknown,1,,,,,,43.907,166.636,0,0,RESULT: unknown
96,0130_x0090_sc155,yes,yes,1,,,,,,43.258,166.630,0,0,RESULT: yes
97,0164_x0124_g-048,yes,yes,1,,,,,,43.558,166.598,0,0,RESULT: yes
98,0777_x0737_ts+05,no,no,1,,,,,,43.489,166.618,0,0,RESULT: no
99,0332_x0292_g-080,no,no,1,,,,,,43.868,166.748,0,0,RESULT: no
100,0903_x0863_pt213,no,no,1,,,,,,43.415,166.830,0,0,RESULT: no
101,0955_x0915_mx060,yes,yes,1,,,,,,43.308,166.687,0,0,RESULT: yes
102,0235_x0195_mx030,yes,yes,1,,,,,,43.389,166.852,0,0,RESULT: yes
103,0311_x0271_pt119,unknown,unknown,1,,,,,,43.324,166.602,0,0,RESULT: unknown
104,0081_x0041_ts+05,no,no,1,,,,,,42.794,166.876,0,0,RESULT: no
105,0011_no_noise16,no,no,1,,,,,,43.683,166.564,0,0,RESULT: no
106,0984_x0944_nz25,yes,yes,1,,,,,,43.087,166.621,0,0,RESULT: yes
107,0309_x0269_u-016,no,no,1,,,,,,43.616,166.573,0,0,RESULT: no
108,0195_x0155_mx040,yes,yes,1,,,,,,42.999,166.659,0,0,RESULT: yes
109,0677_x0637_u-030,no,no,1,,,,,,43.488,166.632,0,0,RESULT: no
110,0434_x0394_sc175,yes,yes,1,,,,,,43.651,166.639,0,0,RESULT: yes
111,0586_x0546_sc035,no,no,1,,,,,,43.684,166.702,0,0,RESULT: no
112,0391_x0351_pt007,unknown,unknown,1,,,,,,43.010,166.667,0,0,RESULT: unknown
113,0795_x0755_mx100,silence,silence,1,,,,,,43.242,166.605,0,0,RESULT: silence
114,0999_x0959_pt217,no,no,1,,,,,,42.964,166.613,0,0,RESULT: no
115,0963_x0923_mx100,silence,silence,1,,,,,,43.362,166.582,0,0,RESULT: silence
116,0150_x0110_sp21,yes,yes,1,,,,,,43.013,166.704,0,0,RESULT: yes
117,0994_x0954_sc275,yes,yes,1,,,,,,43.009,166.701,0,0,RESULT: yes
118,0246_x0206_sp27,unknown,unknown,1,,,,,,43.386,166.596,0,0,RESULT: unknown
119,0879_x0839_pt212,no,no,1,,,,,,43.303,166.822,0,0,RESULT: no
120,0386_x0346_sc235,yes,yes,1,,,,,,43.524,166.556,0,0,RESULT: yes
121,0842_x0802_sc115,unknown,unknown,1,,,,,,42.639,166.912,0,0,RESULT: unknown
122,0455_x0415_pt102,unknown,unknown,1,,,,,,43.420,166.601,0,0,RESULT: unknown
123,0099_x0059_mx085,yes,yes,1,,,,,,42.911,166.957,0,0,RESULT: yes
124,0640_x0600_nz01,yes,yes,1,,,,,,43.026,166.753,0,0,RESULT: yes
125,0229_x0189_u-128,no,no,1,,,,,,43.264,166.915,0,0,RESULT: no
126,0581_x0541_u-114,yes,yes,1,,,,,,43.250,166.680,0,0,RESULT: yes
127,0993_x0953_ts+05,no,no,1,,,,,,43.721,166.536,0,0,RESULT: no
128,0740_x0700_g-080,no,no,1,,,,,,43.461,166.622,0,0,RESULT: no
129,0498_x0458_sc195,yes,yes,1,,,,,,43.432,166.708,0,0,RESULT: yes
130,0588_x0548_g-064,unknown,unknown,1,,,,,,43.159,166.642,0,0,RESULT: unknown
131,0889_x0849_ts-03,no,no,1,,,,,,43.134,166.609,0,0,RESULT: no
132,0680_x0640_nz01,yes,yes,1,,,,,,43.119,166.632,0,0,RESULT: yes
133,0220_x0180_g+032,no,no,1,,,,,,43.223,166.600,0,0,RESULT: no
134,0524_x0484_g+000,no,no,1,,,,,,43.810,166.513,0,0,RESULT: no
135,0494_x0454_sp05,unknown,unknown,1,,,,,,43.271,166.774,0,0,RESULT: unknown
136,0203_x0163_mx080,yes,yes,1,,,,,,42.958,166.649,0,0,RESULT: yes
137,0122_x0082_sc115,unknown,unknown,1,,,,,,43.087,166.659,0,0,RESULT: unknown
138,0544_x0504_nz25,yes,yes,1,,,,,,42.955,166.908,0,0,RESULT: yes
139,0181_x0141_u-044,no,no,1,,,,,,43.657,166.595,0,0,RESULT: no
140,0059_x0019_mx095,yes,yes,1,,,,,,43.209,166.830,0,0,RESULT: yes
141,0115_x0075_mx060,yes,yes,1,,,,,,43.306,166.501,0,0,RESULT: yes
142,0797_x0757_u-114,no,no,1,,,,,,43.221,166.578,0,0,RESULT: no
143,0003_syn_no,no,no,1,,,,,,43.632,166.657,0,0,RESULT: no
144,0353_x0313_ts-11,no,no,1,,,,,,43.062,166.851,0,0,RESULT: no
145,0874_x0834_sc275,yes,yes,1,,,,,,43.243,166.650,0,0,RESULT: yes
146,0089_x0049_ts-11,no,no,1,,,,,,43.145,166.662,0,0,RESULT: no
147,0061_x0021_u-086,yes,yes,1,,,,,,43.230,166.624,0,0,RESULT: yes
148,0278_x0238_sp29,unknown,unknown,1,,,,,,43.030,166.773,0,0,RESULT: unknown
149,0416_x0376_nz17,yes,yes,1,,,,,,43.431,166.618,0,0,RESULT: yes
150,0143_x0103_pt112,unknown,unknown,1,,,,,,43.469,166.618,0,0,RESULT: unknown
151,0096_x0056_nz17,yes,yes,1,,,,,,43.076,166.563,0,0,RESULT: yes
152,0273_x0233_ts+05,no,no,1,,,,,,43.122,166.628,0,0,RESULT: no
153,0742_x0702_sp13,unknown,unknown,1,,,,,,43.064,166.881,0,0,RESULT: unknown
154,0076_x0036_g-096,no,no,1,,,,,,43.490,166.584,0,0,RESULT: no
155,0079_x0039_pt017,unknown,unknown,1,,,,,,42.864,166.932,0,0,RESULT: unknown
156,0359_x0319_pt121,unknown,unknown,1,,,,,,43.595,166.740,0,0,RESULT: unknown
157,0298_x0258_sc095,unknown,unknown,1,,,,,,43.693,166.541,0,0,RESULT: unknown
158,0140_x0100_g+112,unknown,unknown,1,,,,,,43.284,166.671,0,0,RESULT: unknown
159,0935_x0895_pt122,unknown,unknown,1,,,,,,43.415,166.649,0,0,RESULT: unknown
160,0461_x0421_u-030,no,no,1,,,,,,43.237,166.747,0,0,RESULT: no
161,0124_x0084_g+128,unknown,unknown,1,,,,,,43.179,166.666,0,0,RESULT: unknown
162,0257_x0217_ts-11,no,no,1,,,,,,43.284,166.705,0,0,RESULT: no
163,0733_x0693_u-128,yes,yes,1,,,,,,43.179,166.698,0,0,RESULT: yes
164,0896_x0856_nz17,yes,yes,1,,,,,,43.497,166.638,0,0,RESULT: yes
165,0748_x0708_g+048,no,no,1,,,,,,42.959,166.666,0,0,RESULT: no
166,0759_x0719_pt207,no,no,1,,,,,,43.431,166.724,0,0,RESULT: no
167,0784_x0744_nz25,yes,yes,1,,,,,,43.394,166.641,0,0,RESULT: yes
168,0785_x0745_ts-11,no,no,1,,,,,,43.291,166.948,0,0,RESULT: no
169,0349_x0309_u-086,no,no,1,,,,,,43.727,166.654,0,0,RESULT: no
170,0529_x0489_ts-03,no,no,1,,,,,,43.040,166.919,0,0,RESULT: no
171,0145_x0105_ts-03,no,no,1,,,,,,43.244,166.643,0,0,RESULT: no
172,0711_x0671_pt205,no,no,1,,,,,,43.579,167.016,0,0,RESULT: no
173,0172_x0132_g+080,no,no,1,,,,,,43.238,166.699,0,0,RESULT: no
174,0849_x0809_ts+05,no,no,1,,,,,,43.398,166.606,0,0,RESULT: no
175,0811_x0771_mx075,yes,yes,1,,,,,,43.237,166.715,0,0,RESULT: yes
176,0286_x0246_sp07,unknown,unknown,1,,,,,,43.582,166.640,0,0,RESULT: unknown
177,0892_x0852_g-096,no,no,1,,,,,,43.133,166.594,0,0,RESULT: no
178,0237_x0197_u-016,no,no,1,,,,,,43.590,166.599,0,0,RESULT: no
179,0490_x0450_sc155,yes,yes,1,,,,,,43.623,166.590,0,0,RESULT: yes
180,0085_x0045_u-128,no,no,1,,,,,,43.283,166.632,0,0,RESULT: no
181,0186_x0146_sc135,unknown,unknown,1,,,,,,43.278,166.656,0,0,RESULT: unknown
182,0129_x0089_ts+05,no,no,1,,,,,,43.183,166.661,0,0,RESULT: no
183,0240_x0200_nz01,yes,yes,1,,,,,,43.961,166.690,0,0,RESULT: yes
184,0898_x0858_sc095,unknown,unknown,1,,,,,,43.163,166.616,0,0,RESULT: unknown
185,0384_x0344_nz25,yes,yes,1,,,,,,43.005,166.740,0,0,RESULT: yes
186,0422_x0382_sp23,unknown,unknown,1,,,,,,42.763,167.280,0,0,RESULT: unknown
187,0757_x0717_u-044,no,no,1,,,,,,43.130,166.934,0,0,RESULT: no
188,0469_x0429_u-044,no,no,1,,,,,,43.362,166.746,0,0,RESULT: no
189,0897_x0857_ts+05,no,no,1,,,,,,43.125,166.887,0,0,RESULT: no
190,0475_x0435_mx075,yes,yes,1,,,,,,43.695,166.723,0,0,RESULT: yes
191,0545_x0505_ts-11,no,no,1,,,,,,43.110,166.942,0,0,RESULT: no
192,0067_x0027_mx030,yes,yes,1,,,,,,43.365,166.659,0,0,RESULT: yes
193,0176_x0136_nz17,yes,yes,1,,,,,,43.408,166.861,0,0,RESULT: yes
194,0385_x0345_ts-03,no,no,1,,,,,,43.211,166.652,0,0,RESULT: no
195,0127_x0087_pt019,unknown,unknown,1,,,,,,42.830,166.907,0,0,RESULT: unknown
196,0700_x0660_g+096,no,no,1,,,,,,43.514,166.728,0,0,RESULT: no
197,0049_x0009_ts-03,no,no,1,,,,,,42.718,166.949,0,0,RESULT: no
198,0423_x0383_pt216,no,no,1,,,,,,42.995,166.845,0,0,RESULT: no
199,0846_x0806_sp27,unknown,unknown,1,,,,,,42.705,166.978,0,0,RESULT: unknown
