Metric,Value
design__lint_error__count,0
design__lint_timing_construct__count,0
design__lint_warning__count,979
design__inferred_latch__count,0
design__instance__count,2561057
design__instance__area,17075300
design__instance_unmapped__count,0
synthesis__check_error__count,0
design__max_slew_violation__count__corner:nom_tt_025C_1v80,5681
design__max_fanout_violation__count__corner:nom_tt_025C_1v80,837
design__max_cap_violation__count__corner:nom_tt_025C_1v80,235
power__internal__total,0.059099163860082626
power__switching__total,0.00834251195192337
power__leakage__total,0.0004793092666659504
power__total,0.067920982837677
clock__skew__worst_hold__corner:nom_tt_025C_1v80,-1.703312650247874
clock__skew__worst_setup__corner:nom_tt_025C_1v80,2.006721734470394
timing__hold__ws__corner:nom_tt_025C_1v80,0.16471091623489167
timing__setup__ws__corner:nom_tt_025C_1v80,9.718224722247172
timing__hold__tns__corner:nom_tt_025C_1v80,0.0
timing__setup__tns__corner:nom_tt_025C_1v80,0.0
timing__hold__wns__corner:nom_tt_025C_1v80,0
timing__setup__wns__corner:nom_tt_025C_1v80,0.0
timing__hold_vio__count__corner:nom_tt_025C_1v80,0
timing__hold_r2r__ws__corner:nom_tt_025C_1v80,0.164711
timing__hold_r2r_vio__count__corner:nom_tt_025C_1v80,0
timing__setup_vio__count__corner:nom_tt_025C_1v80,0
timing__setup_r2r__ws__corner:nom_tt_025C_1v80,9.718225
timing__setup_r2r_vio__count__corner:nom_tt_025C_1v80,0
design__max_slew_violation__count__corner:nom_ss_100C_1v60,33927
design__max_fanout_violation__count__corner:nom_ss_100C_1v60,837
design__max_cap_violation__count__corner:nom_ss_100C_1v60,646
clock__skew__worst_hold__corner:nom_ss_100C_1v60,-2.851511996126654
clock__skew__worst_setup__corner:nom_ss_100C_1v60,3.1465932972059347
timing__hold__ws__corner:nom_ss_100C_1v60,0.6369589480592135
timing__setup__ws__corner:nom_ss_100C_1v60,0.19710100776057018
timing__hold__tns__corner:nom_ss_100C_1v60,0.0
timing__setup__tns__corner:nom_ss_100C_1v60,0.0
timing__hold__wns__corner:nom_ss_100C_1v60,0
timing__setup__wns__corner:nom_ss_100C_1v60,0.0
timing__hold_vio__count__corner:nom_ss_100C_1v60,0
timing__hold_r2r__ws__corner:nom_ss_100C_1v60,0.636959
timing__hold_r2r_vio__count__corner:nom_ss_100C_1v60,0
timing__setup_vio__count__corner:nom_ss_100C_1v60,0
timing__setup_r2r__ws__corner:nom_ss_100C_1v60,0.197101
timing__setup_r2r_vio__count__corner:nom_ss_100C_1v60,0
design__max_slew_violation__count__corner:nom_ff_n40C_1v95,2883
design__max_fanout_violation__count__corner:nom_ff_n40C_1v95,837
design__max_cap_violation__count__corner:nom_ff_n40C_1v95,197
clock__skew__worst_hold__corner:nom_ff_n40C_1v95,-1.1945305083189568
clock__skew__worst_setup__corner:nom_ff_n40C_1v95,1.5100472411012569
timing__hold__ws__corner:nom_ff_n40C_1v95,0.03951128425163028
timing__setup__ws__corner:nom_ff_n40C_1v95,12.18537660819973
timing__hold__tns__corner:nom_ff_n40C_1v95,0.0
timing__setup__tns__corner:nom_ff_n40C_1v95,0.0
timing__hold__wns__corner:nom_ff_n40C_1v95,0
timing__setup__wns__corner:nom_ff_n40C_1v95,0.0
timing__hold_vio__count__corner:nom_ff_n40C_1v95,0
timing__hold_r2r__ws__corner:nom_ff_n40C_1v95,0.039511
timing__hold_r2r_vio__count__corner:nom_ff_n40C_1v95,0
timing__setup_vio__count__corner:nom_ff_n40C_1v95,0
timing__setup_r2r__ws__corner:nom_ff_n40C_1v95,12.185376
timing__setup_r2r_vio__count__corner:nom_ff_n40C_1v95,0
design__max_slew_violation__count,33927
design__max_fanout_violation__count,837
design__max_cap_violation__count,646
clock__skew__worst_hold,-1.1945305083189568
clock__skew__worst_setup,1.5100472411012569
timing__hold__ws,0.03951128425163028
timing__setup__ws,0.19710100776057018
timing__hold__tns,0.0
timing__setup__tns,0.0
timing__hold__wns,0
timing__setup__wns,0.0
timing__hold_vio__count,0
timing__hold_r2r__ws,0.039511
timing__hold_r2r_vio__count,0
timing__setup_vio__count,0
timing__setup_r2r__ws,0.197101
timing__setup_r2r_vio__count,0
design__die__bbox,0.0 0.0 4180.0 4490.0
design__core__bbox,60.26 62.56 4119.76 4428.16
design__io,94
design__die__area,18768200
design__core__area,17722200
design__instance__count__stdcell,321880
design__instance__area__stdcell,1458020
design__instance__count__macros,27
design__instance__area__macros,7588710
design__instance__count__padcells,0
design__instance__area__padcells,0
design__instance__count__cover,0
design__instance__area__cover,0
design__instance__utilization,0.510476
design__instance__utilization__stdcell,0.143882
design__rows,5953
design__rows:unithd,5953
design__sites,7582011
design__sites:unithd,7582011
design__instance__count__class:macro,27
design__instance__area__class:macro,7588710
design__instance__count__class:buffer,1244
design__instance__area__class:buffer,6558.79
design__instance__count__class:inverter,1247
design__instance__area__class:inverter,4749.56
design__instance__count__class:sequential_cell,10133
design__instance__area__class:sequential_cell,241672
design__instance__count__class:multi_input_combinational_cell,54648
design__instance__area__class:multi_input_combinational_cell,559624
flow__warnings__count,1
flow__errors__count,0
flow__warnings__count:IFP-0028,1
flow__warnings__count:ODB-0220,2
flow__warnings__count:STA-0469,1
flow__warnings__type_count,1
flow__warnings__count:ORD-0039,1
design__instance__count__class:fill_cell,2239150
design__instance__area__class:fill_cell,8028590
design__instance__count__class:tap_cell,135957
design__instance__area__class:tap_cell,170109
flow__warnings__count:PDN-0110,14
design__power_grid_violation__count__net:VPWR,0
design__power_grid_violation__count__net:VGND,0
design__power_grid_violation__count,0
floorplan__design__io,92
design__io__hpwl,91342129
flow__warnings__count:GRT-0281,3
timing__drv__floating__nets,2
timing__drv__floating__pins,0
design__instance__displacement__total,11785
design__instance__displacement__mean,0.035
design__instance__displacement__max,11.5
route__wirelength__estimated,5556710
design__violations,0
design__instance__count__class:timing_repair_buffer,19943
design__instance__area__class:timing_repair_buffer,202420
flow__warnings__count:RSZ-0020,1
flow__warnings__count:STA-1140,4
design__instance__count__class:clock_buffer,2104
design__instance__area__class:clock_buffer,28601.2
design__instance__count__class:clock_inverter,311
design__instance__area__class:clock_inverter,3313.18
flow__warnings__count:CTS-0041,1
flow__warnings__count:CTS-0128,1
flow__warnings__count:RSZ-0065,1
design__instance__count__setup_buffer,1029
design__instance__count__hold_buffer,29
flow__warnings__count:RSZ-0062,1
global_route__vias,77
global_route__wirelength,8651282
antenna__violating__nets,2
antenna__violating__pins,2
route__antenna_violation__count,2
design__instance__count__class:antenna_cell,96292
design__instance__area__class:antenna_cell,240961
antenna_diodes_count,173
design__instance__count__class:timing_repair_inverter,1
design__instance__area__class:timing_repair_inverter,8.7584
flow__warnings__count:EST-0026,1001
route__net,89538
route__net__special,2
route__drc_errors__iter:0,100
route__wirelength__iter:0,6666894
route__drc_errors__iter:1,10
route__wirelength__iter:1,6666852
route__drc_errors__iter:2,9
route__wirelength__iter:2,6666852
route__drc_errors__iter:3,0
route__wirelength__iter:3,6666838
route__drc_errors__iter:4,0
route__wirelength__iter:4,6666884
route__drc_errors__iter:5,11
route__wirelength__iter:5,6666600
route__drc_errors__iter:6,11
route__wirelength__iter:6,6666600
route__drc_errors__iter:7,0
route__wirelength__iter:7,6666590
route__drc_errors,0
route__wirelength,6666838
route__vias,856965
route__vias__singlecut,856965
route__vias__multicut,0
flow__warnings__count:DRT-0120,28
flow__warnings__count:DRT-0349,10
design__disconnected_pin__count,880
design__critical_disconnected_pin__count,0
route__wirelength__max,7905.34
timing__unannotated_net__count__corner:nom_tt_025C_1v80,2734
timing__unannotated_net_filtered__count__corner:nom_tt_025C_1v80,0
timing__unannotated_net__count__corner:nom_ss_100C_1v60,2734
timing__unannotated_net_filtered__count__corner:nom_ss_100C_1v60,0
timing__unannotated_net__count__corner:nom_ff_n40C_1v95,2734
timing__unannotated_net_filtered__count__corner:nom_ff_n40C_1v95,0
timing__unannotated_net__count,2734
timing__unannotated_net_filtered__count,0
design_powergrid__voltage__worst__net:VPWR__corner:nom_tt_025C_1v80,1.79904
design_powergrid__drop__average__net:VPWR__corner:nom_tt_025C_1v80,1.79999
design_powergrid__drop__worst__net:VPWR__corner:nom_tt_025C_1v80,0.000959085
design_powergrid__voltage__worst__net:VGND__corner:nom_tt_025C_1v80,0.0010408
design_powergrid__drop__average__net:VGND__corner:nom_tt_025C_1v80,0.0000124373
design_powergrid__drop__worst__net:VGND__corner:nom_tt_025C_1v80,0.0010408
flow__warnings__count:STA-1648,1001
flow__warnings__count:STA-1650,1001
design_powergrid__voltage__worst,0.0010408
design_powergrid__voltage__worst__net:VPWR,1.79904
design_powergrid__drop__worst,0.0010408
design_powergrid__drop__worst__net:VPWR,0.000959085
design_powergrid__voltage__worst__net:VGND,0.0010408
design_powergrid__drop__worst__net:VGND,0.0010408
ir__voltage__worst,1.8
ir__drop__avg,0.0000125
ir__drop__worst,0.000959
design__xor_difference__count,0
magic__drc_error__count,9201
klayout__drc_error__count,0
magic__illegal_overlap__count,0
design__lvs_device_difference__count,0
design__lvs_net_difference__count,0
design__lvs_property_fail__count,0
design__lvs_error__count,0
design__lvs_unmatched_device__count,0
design__lvs_unmatched_net__count,0
design__lvs_unmatched_pin__count,0
